filename,waveform,n_samples,dominant_freq_hz,dominant_amp_nm,harmonic_ratio_2,harmonic_ratio_3,harmonic_ratio_4,harmonic_ratio_5,odd_even_harmonic_ratio,thd_pct,spectral_entropy,spectral_centroid_hz,spectral_flatness,band_energy_ratio,num_spectral_peaks,rms_nm,peak_nm,crest_factor,skewness,kurtosis,zero_cross_rate,peak_density_hz,sine_residual_pct,sine_phase_lag_deg,q1_peak_nm,q1_mean_nm,q1_rms_nm,q1_sine_residual_pct,q2_peak_nm,q2_mean_nm,q2_rms_nm,q2_sine_residual_pct,q3_peak_nm,q3_mean_nm,q3_rms_nm,q3_sine_residual_pct,q4_peak_nm,q4_mean_nm,q4_rms_nm,q4_sine_residual_pct,amplitude_drift_nm,worst_quarter,fopdt_phase_lag_deg,fopdt_attenuation,v_drive_est_v,hysteresis_nm,half_cycle_asymmetry,square_duty_cycle,square_edge_sharpness,noise_kurtosis,noise_gaussianity_err,noise_autocorr_lag1,ramp_rise_linearity,ramp_fall_linearity,ramp_asymmetry,pulse_crest_factor,pulse_duty_cycle,pulse_ringing_ratio
sine-1-1_absolute.csv,sine,9322,20.0601,8.325427,0.162405,0.099201,0.095037,0.056444,0.36791,22.0078,8.4321,47.4183,0.619214,311.6526,181,206.235695,335.670118,1.6276,-0.0948,1.5092,1.9309,1.8236,99.9766,172.1991,49.0,47.78,48.76,484.94,30.13,-30.13,30.13,,30.13,-30.13,30.13,,49.0,12.48,41.37,88.4,18.87,q1,1.841,0.999504,0.8838,,,,,,,,,,,,,
sine-100Hz-10_absolute.csv,sine,9803,99.9694,269.087166,0.010158,0.030951,0.012325,0.041,10.345348,5.3797,1.3173,100.986,0.342166,1.8178,1,200.763091,279.795115,1.3937,-0.0163,1.5649,200.0408,99.9694,51.2026,-8.9591,284.85,2.43,195.3,8.4,284.85,-2.43,193.61,8.6,284.85,2.43,195.3,8.4,284.85,-2.43,193.61,8.6,0.0,q1,9.104,0.987894,0.7453,15.83,0.0556,,,,,,,,,,,
sine-100Hz-1_absolute.csv,sine,32685,100.0153,244.149615,0.032351,0.013816,0.012333,0.0,0.159241,3.7277,1.4257,101.4727,0.516318,0.8923,1,200.015592,329.788517,1.6488,-0.064,1.6029,200.0,100.0153,74.8058,-126.1914,302.5,-3.04,200.91,12.7,302.5,-9.13,197.34,12.74,330.49,7.91,201.43,13.66,330.49,4.26,201.42,13.7,28.0,q3,9.108,0.987883,0.8785,29.82,0.0902,,,,,,,,,,,
sine-100Hz-2_absolute.csv,sine,10389,100.0096,280.422007,0.010519,0.018733,0.02927,0.0,0.362762,3.6308,1.5072,102.6585,0.555976,0.263,1,206.73394,495.786577,2.3982,-0.0346,1.6957,200.0193,99.9134,28.9566,76.1042,318.63,76.38,215.54,36.94,318.63,21.61,202.3,19.6,318.63,-13.69,209.19,17.64,393.49,-84.3,222.33,39.64,74.86,q4,9.108,0.987884,1.3207,18.62,0.0473,,,,,,,,,,,
sine-100Hz-3_absolute.csv,sine,9419,100.0106,284.809978,0.012325,0.016796,0.005504,0.0,1.548325,2.1548,1.3854,101.402,0.46494,0.2777,1,205.914744,373.904795,1.8158,-0.0056,1.5723,199.9151,100.0106,22.7913,45.5654,332.32,25.56,220.72,12.35,332.32,-3.65,210.99,13.75,300.67,-1.22,197.51,12.7,300.67,-20.69,197.9,12.72,31.65,q1,9.108,0.987884,0.996,22.15,0.0667,,,,,,,,,,,
sine-100Hz-4_absolute.csv,sine,9225,100.0542,250.65688,0.083332,0.029979,0.02182,0.0,0.121116,9.1209,1.3667,101.6072,0.418115,0.9373,2,209.902052,290.84959,1.3856,-0.1357,1.4718,200.0,99.9458,75.662,-125.3424,279.67,14.91,212.16,11.23,279.67,-9.43,216.07,9.59,279.67,5.17,215.88,9.3,279.67,-10.65,216.08,9.26,0.0,q1,9.112,0.987874,0.7748,5.48,0.0196,,,,,,,,,,,
sine-100Hz-5_absolute.csv,sine,8629,100.0116,286.257834,1e-06,0.037998,1e-06,0.0,398671768.20461,3.7998,1.284,100.9208,0.000689,0.2824,1,204.08839,277.039249,1.3574,0.0006,1.5562,200.0232,99.8957,18.8053,98.2307,276.93,-1.83,204.04,5.57,276.93,1.83,204.04,5.57,276.93,-1.83,204.04,5.57,276.93,1.83,204.04,5.57,0.0,q1,9.108,0.987884,0.738,0.0,0.0,,,,,,,,,,,
sine-100Hz-6_absolute.csv,sine,9773,99.9693,266.233785,0.016934,0.016197,0.065102,0.020994,0.155382,7.2305,1.4092,102.746,0.38248,1.7195,2,202.832112,334.242079,1.6479,0.0076,1.5298,199.9386,99.9693,53.9831,67.5091,278.15,15.22,204.13,5.63,278.15,-12.78,203.96,5.64,278.15,14.0,202.7,6.55,278.15,-16.43,199.64,7.97,0.0,q1,9.104,0.987894,0.8904,2.44,0.0088,,,,,,,,,,,
sine-100Hz-7_absolute.csv,sine,9530,100.0,287.777509,0.034962,0.01374,0.05436,0.0,0.045193,6.6077,1.3718,102.2005,0.44819,0.1887,2,205.78181,325.063606,1.5797,0.0455,1.5432,200.0,100.0,9.8555,163.0002,311.63,-8.52,201.04,9.07,311.63,14.61,202.15,8.77,321.36,-15.82,211.03,6.82,321.36,9.74,208.83,7.36,9.74,q3,9.107,0.987887,0.8659,38.95,0.1212,,,,,,,,,,,
sine-100Hz-8_absolute.csv,sine,10847,100.0277,257.069694,0.019285,0.04293,0.013451,0.0,3.333661,4.8947,1.4293,102.2473,0.499233,0.528,1,194.430168,317.239246,1.6316,-0.0008,1.6204,200.0553,100.0277,51.6324,-90.9165,294.28,-0.3,198.48,12.98,294.28,-2.74,206.83,11.27,294.28,5.78,202.37,12.37,294.28,-2.74,206.83,11.27,0.0,q1,9.11,0.98788,0.8451,34.69,0.1179,,,,,,,,,,,
sine-100Hz-9_absolute.csv,sine,8302,99.9759,284.452507,0.035751,0.025905,0.036196,0.006994,0.278173,5.7517,1.3804,101.5208,0.413067,2.4471,1,206.982948,341.475208,1.6498,0.0544,1.5013,199.9518,99.9759,38.7387,77.0499,299.45,19.48,209.59,10.91,299.45,-14.61,202.12,10.02,299.45,14.61,205.35,10.81,299.45,-19.48,195.76,11.08,0.0,q1,9.105,0.987892,0.9096,45.04,0.1504,,,,,,,,,,,
sine-1Hz-10_absolute.csv,sine,11601,21.9809,8.835241,0.280768,0.128876,0.08414,0.0594,0.2344,32.565,8.4297,44.6987,0.626951,430.2158,181,206.684304,325.130686,1.5731,0.0717,1.5693,1.9826,1.4654,99.9612,43.3141,171.03,-145.47,150.1,398.82,91.91,-61.47,72.53,186.35,66.34,40.78,55.06,148.22,224.59,166.16,170.89,394.59,158.25,q4,2.017,0.999404,0.8561,,,,,,,,,,,,,
sine-1Hz-2_absolute.csv,sine,8890,20.0225,11.107218,0.051657,0.034944,0.044465,0.041601,0.63538,8.7163,7.6957,41.5462,0.602669,737.9839,109,204.532669,344.095947,1.6824,-0.0595,1.5178,2.0247,1.2373,99.9554,179.7462,235.24,147.6,154.06,341.21,76.99,41.69,57.32,134.42,81.25,-48.39,62.14,150.96,160.38,-140.9,144.97,420.9,158.25,q1,1.837,0.999506,0.906,,,,,,,,,,,,,
sine-1Hz-3_absolute.csv,sine,11343,20.0123,10.012095,0.09324,0.047446,0.050103,0.018757,0.232324,11.7503,8.3191,43.6702,0.613939,360.3704,157,204.137631,338.859709,1.66,-0.0822,1.5218,2.204,1.0579,99.9419,169.914,223.98,165.55,169.16,453.62,65.73,36.52,52.84,131.74,92.51,-59.65,71.26,174.96,171.64,-142.42,147.45,378.95,158.25,q1,1.837,0.999506,0.8922,,,,,,,,,,,,,
sine-1Hz-4_absolute.csv,sine,10869,20.9771,9.665421,0.164169,0.074824,0.066016,0.033179,0.213976,19.4959,7.7487,46.8097,0.627645,721.8334,147,203.886376,284.981804,1.3977,-0.0373,1.5241,2.2081,1.2881,99.9495,-78.6684,71.52,71.52,71.52,,71.52,67.86,69.87,406.24,86.73,-18.56,33.04,105.28,165.86,-120.82,127.01,301.55,94.34,q4,1.925,0.999458,0.7504,,,,,,,,,,,,,
sine-1Hz-5_absolute.csv,sine,10994,21.0115,10.485046,0.145703,0.052277,0.075515,0.036406,0.150686,17.604,7.811,46.922,0.626837,789.1679,117,204.766994,282.864342,1.3814,0.0269,1.5138,2.0011,1.4553,99.9576,42.7135,62.08,6.09,36.5,86.71,17.04,-17.04,17.04,,17.04,-17.04,17.04,,62.08,28.0,48.16,115.07,45.04,q1,1.928,0.999456,0.7448,,,,,,,,,,,,,
sine-1Hz-6_absolute.csv,sine,11294,20.0106,9.010783,0.090341,0.060477,0.099102,0.065341,0.440808,16.0965,8.3706,42.102,0.598841,295.7168,177,203.946238,337.21228,1.6534,0.0305,1.5568,2.0365,1.2396,99.9636,-70.927,121.12,-121.12,121.12,,121.12,-65.13,74.41,182.21,116.25,31.04,52.5,121.72,195.38,155.2,160.17,386.21,79.12,q4,1.836,0.999506,0.8878,,,,,,,,,,,,,
sine-1Hz-7_absolute.csv,sine,13273,19.9653,9.678016,0.083969,0.067529,0.048943,0.051871,0.767584,12.9217,7.959,42.1728,0.623177,301.5745,147,206.246262,338.558678,1.6415,0.0091,1.546,1.9589,1.6575,99.9656,-142.7147,20.69,-20.69,20.69,,20.69,-20.69,20.69,,58.43,-19.48,21.78,218.47,137.55,60.86,62.38,437.37,116.86,q4,1.832,0.999509,0.8914,,,,,,,,,,,,,
sine-1Hz-8_absolute.csv,sine,12001,20.9983,12.473926,0.118442,0.098192,0.032014,0.015165,0.655783,15.7877,7.8557,42.3904,0.628082,138.5416,127,208.400578,318.144279,1.5266,0.0069,1.5944,1.9998,1.9998,99.9177,-0.9533,94.04,94.04,94.04,,94.04,42.91,57.21,130.17,64.21,-21.61,44.97,99.92,143.34,-115.34,121.39,316.2,79.12,q4,1.927,0.999456,0.8377,,,,,,,,,,,,,
sine-1Hz-9_absolute.csv,sine,11404,21.0452,7.66543,0.32695,0.164204,0.050699,0.039323,0.260437,37.145,8.7919,46.8012,0.627401,293.9286,259,206.727139,325.841848,1.5762,0.0152,1.5909,2.0168,1.8415,99.9842,-151.2462,132.68,-88.86,97.18,229.86,53.56,-53.56,53.56,,104.69,14.61,33.95,104.87,183.81,127.82,132.79,337.1,130.25,q4,1.931,0.999454,0.8579,,,,,,,,,,,,,
sine-200Hz-10_absolute.csv,sine,9095,200.0,131.157799,0.044339,0.0,0.0,0.0,0.0,4.4339,1.5334,201.1144,0.596915,0.0023,1,92.86865,132.479015,1.4265,0.0119,1.4326,399.89,196.4816,21.3782,164.8759,126.6,0.0,94.95,5.56,126.6,0.0,94.95,5.56,126.6,0.0,94.95,5.56,126.6,0.0,94.95,5.56,0.0,q1,17.801,0.954028,0.3654,15.83,0.125,,,,,,,,,,,
sine-200Hz-1_absolute.csv,sine,10371,199.9807,130.170339,0.048554,0.0,0.0,0.0,0.0,4.8554,1.2972,200.641,0.286445,0.0001,1,93.508183,124.717001,1.3338,0.1382,1.4485,399.9614,198.0523,38.9564,-125.9717,126.6,0.0,94.95,5.56,126.6,0.0,94.95,5.56,126.6,0.0,94.95,5.56,126.6,0.0,94.95,5.56,0.0,q1,17.799,0.954036,0.344,15.82,0.125,,,,,,,,,,,
sine-200Hz-2_absolute.csv,sine,8869,200.0226,125.091012,0.048314,0.0,0.0,0.0,0.0,4.8314,1.6745,202.6131,0.503694,0.0036,1,92.509692,130.493103,1.4106,-0.0269,1.4459,399.9323,198.5568,36.002,-157.9374,126.6,0.0,94.95,5.58,126.6,0.0,94.95,5.58,126.6,0.0,94.95,5.58,126.6,0.0,94.95,5.58,0.0,q1,17.802,0.954019,0.36,15.83,0.125,,,,,,,,,,,
sine-200Hz-3_absolute.csv,sine,9218,200.0434,113.75453,0.091231,0.0,0.0,0.0,0.0,9.1231,1.9663,203.3758,0.564668,0.0105,2,87.290349,174.5655,1.9998,-0.1728,1.6861,399.9783,193.3174,67.7377,-97.0053,120.51,-9.74,81.28,29.07,120.51,-6.09,84.68,27.23,120.51,-6.09,82.37,31.61,120.51,21.91,94.84,31.02,0.0,q1,17.804,0.95401,0.4815,5.17,0.0429,,,,,,,,,,,
sine-200Hz-4_absolute.csv,sine,10215,200.0,96.791449,0.064347,0.0,0.0,0.0,0.0,6.4347,2.4675,201.702,0.604714,0.0358,2,84.481343,310.539433,3.6758,-0.5198,2.7733,387.9589,193.441,50.4212,59.244,126.6,-0.0,94.95,5.56,126.6,-0.0,94.95,5.56,126.6,-0.0,94.95,5.56,126.6,-0.0,94.95,5.56,0.0,q1,17.801,0.954028,0.8566,15.82,0.125,,,,,,,,,,,
sine-200Hz-5_absolute.csv,sine,8849,200.0226,105.727544,0.133662,0.0,0.0,0.0,0.0,13.3662,2.2148,208.1354,0.556507,0.0152,2,81.259436,176.57823,2.173,-0.1648,1.9405,399.9322,200.0226,43.9815,-106.1351,129.95,-4.56,80.93,28.48,129.95,6.39,89.65,27.63,129.95,-15.52,82.44,35.51,129.95,13.69,89.8,29.2,0.0,q1,17.802,0.954019,0.4871,19.42,0.1494,,,,,,,,,,,
sine-200Hz-6_absolute.csv,sine,8908,200.0449,93.773785,0.07622,0.0,0.0,0.0,0.0,7.622,2.1978,204.6882,0.556762,0.008,4,76.377284,183.713707,2.4053,-0.2281,2.1391,399.9775,199.9326,69.3864,164.3056,122.95,7.3,85.95,26.94,122.95,0.0,92.1,17.59,122.95,-3.65,95.02,6.79,122.95,-3.65,95.02,6.79,0.0,q1,17.804,0.954009,0.5068,8.52,0.0693,,,,,,,,,,,
sine-200Hz-7_absolute.csv,sine,8509,200.0235,87.914052,0.100167,0.0,0.0,0.0,0.0,10.0167,2.1903,207.0066,0.64398,0.0092,3,67.501558,146.670919,2.1729,0.0534,1.8142,399.9295,194.2649,40.2711,62.1425,141.51,-1.52,63.27,24.09,95.86,0.91,59.22,14.53,141.51,-0.3,61.28,20.41,95.86,0.91,59.22,14.53,45.65,q1,17.803,0.954018,0.4046,28.91,0.2043,,,,,,,,,,,
sine-200Hz-8_absolute.csv,sine,9445,200.0,120.301646,0.176835,0.0,0.0,0.0,0.0,17.6835,1.7108,208.342,0.487553,0.0012,2,89.41263,144.919647,1.6208,-0.3666,1.6877,400.0,199.8941,23.0768,111.8389,142.42,0.0,92.27,19.91,142.42,0.0,92.27,19.91,142.42,0.0,92.27,19.91,142.42,0.0,92.27,19.91,0.0,q1,17.801,0.954028,0.3997,47.47,0.3333,,,,,,,,,,,
sine-200Hz-9_absolute.csv,sine,7828,200.0511,104.918653,0.10514,0.0,0.0,0.0,0.0,10.514,1.9209,204.3954,0.610229,0.0065,2,88.478161,141.428591,1.5985,-0.1828,1.5588,399.9745,199.9234,63.7301,116.1429,142.42,0.0,92.27,19.88,142.42,0.0,92.27,19.88,142.42,0.0,92.27,19.88,142.42,0.0,92.27,19.88,0.0,q1,17.805,0.954006,0.3901,47.47,0.3333,,,,,,,,,,,
sine-300Hz-10_absolute.csv,sine,10414,299.9808,514.761467,0.0,0.0,0.0,0.0,0.0,0.0,1.312,300.1849,0.350123,0.0004,1,380.782903,565.165646,1.4842,0.0187,1.5173,599.9616,101.69,41.9761,-174.0018,538.04,-0.0,382.42,5.08,538.04,-0.0,382.42,5.08,538.04,-0.0,382.42,5.08,538.04,-0.0,382.42,5.08,0.0,q1,25.77,0.904602,1.6441,23.15,0.043,,,,,,,,,,,
sine-300Hz-1_absolute.csv,sine,7198,299.9444,482.016432,0.0,0.0,0.0,0.0,0.0,0.0,1.2926,299.5761,0.261065,0.0013,1,383.836127,557.582964,1.4527,0.0126,1.5603,599.8889,100.0278,67.8299,89.6991,556.0,5.78,387.53,6.24,556.0,-10.04,385.57,6.25,556.0,11.87,384.44,6.04,556.0,-7.61,384.33,5.97,0.0,q1,25.767,0.904622,1.622,5.29,0.0095,,,,,,,,,,,
sine-300Hz-2_absolute.csv,sine,7667,299.987,536.411423,0.0,0.0,0.0,0.0,0.0,0.0,1.3098,299.7668,0.322994,0.0007,1,382.946365,573.238476,1.4969,-0.0178,1.5317,599.8435,100.0391,22.8775,-142.0393,519.17,-6.7,375.17,5.45,519.17,7.91,374.84,5.13,519.17,-5.48,374.67,5.34,519.17,4.26,376.33,5.52,0.0,q1,25.771,0.904599,1.6676,9.05,0.0174,,,,,,,,,,,
sine-300Hz-3_absolute.csv,sine,8337,299.988,531.149665,0.0,0.0,0.0,0.0,0.0,0.0,1.292,299.784,0.341455,0.001,1,382.24366,581.029711,1.5201,0.0274,1.5035,599.976,100.8756,23.169,-176.9946,577.6,-3.04,387.21,5.66,577.6,3.04,388.2,5.66,577.6,-3.04,387.21,5.66,577.6,3.04,388.2,5.66,0.0,q1,25.771,0.904598,1.6903,4.59,0.0079,,,,,,,,,,,
sine-300Hz-4_absolute.csv,sine,9146,300.0219,528.782828,0.0,0.0,0.0,0.0,0.0,0.0,1.2821,299.9455,0.266588,0.0003,1,381.312396,590.418758,1.5484,-0.0099,1.5034,599.9344,109.6654,32.0572,42.0409,518.57,7.3,381.04,4.1,518.57,-9.74,380.22,4.43,518.57,12.17,376.92,5.56,518.57,-9.74,380.22,4.55,0.0,q1,25.773,0.90458,1.7176,2.78,0.0054,,,,,,,,,,,
sine-300Hz-5_absolute.csv,sine,7217,299.9861,540.408033,0.0,0.0,0.0,0.0,0.0,0.0,1.3077,300.0122,0.355111,0.0004,1,383.746587,575.849276,1.5006,0.0413,1.5179,599.9723,103.2285,22.5554,-30.8424,586.43,-1.52,384.38,5.92,586.43,2.13,382.05,5.63,586.43,-2.74,383.9,5.77,586.43,2.13,382.05,5.63,0.0,q1,25.771,0.904599,1.6752,7.98,0.0136,,,,,,,,,,,
sine-300Hz-6_absolute.csv,sine,7228,299.9447,490.230649,0.0,0.0,0.0,0.0,0.0,0.0,1.263,299.9206,0.199114,0.0002,1,387.897267,555.028067,1.4309,-0.0078,1.5232,599.8893,100.0277,67.68,154.8319,553.87,9.74,387.63,2.58,553.87,-9.74,387.63,2.58,553.87,9.74,387.63,2.58,553.87,-9.74,387.63,2.58,0.0,q1,25.767,0.904622,1.6146,1.03,0.0019,,,,,,,,,,,
sine-300Hz-7_absolute.csv,sine,9902,300.0404,496.23804,0.0,0.0,0.0,0.0,0.0,0.0,1.2603,299.8909,0.114191,0.0004,1,386.615405,558.374437,1.4443,-0.0229,1.5309,599.8788,99.9798,62.2141,-45.2736,569.69,8.52,385.46,5.82,569.69,-8.52,385.91,5.87,569.69,8.52,385.46,5.82,569.69,-8.52,385.91,5.87,0.0,q1,25.775,0.90457,1.6244,30.62,0.0538,,,,,,,,,,,
sine-300Hz-8_absolute.csv,sine,9210,300.0,545.049535,0.0,0.0,0.0,0.0,0.0,0.0,1.2802,299.9243,0.263599,0.0003,1,385.906795,561.144325,1.4541,-0.0154,1.5283,599.8914,101.8458,7.3146,-171.8989,572.43,-6.39,378.43,6.9,535.3,10.65,382.66,6.6,572.43,-12.48,380.38,7.65,535.3,8.22,379.5,6.89,37.13,q1,25.772,0.904592,1.6324,2.81,0.0049,,,,,,,,,,,
sine-300Hz-9_absolute.csv,sine,8321,299.9639,507.185867,0.0,0.0,0.0,0.0,0.0,0.0,1.2834,299.9714,0.304821,0.0002,1,383.982538,563.566809,1.4677,-0.0019,1.5091,599.9279,102.5117,55.6779,115.7328,565.43,15.22,389.02,6.1,565.43,-6.7,388.37,6.01,565.43,11.56,387.55,6.27,565.43,-20.09,392.54,6.23,0.0,q1,25.769,0.904612,1.6395,17.99,0.0318,,,,,,,,,,,
sine-400Hz-10_absolute.csv,sine,7651,399.9477,73.75064,0.0,0.0,0.0,0.0,0.0,0.0,1.5036,395.3953,0.503546,0.0007,2,58.566572,139.529606,2.3824,0.2824,2.089,799.8954,198.4054,69.0382,-127.5431,94.95,0.0,59.21,14.41,94.95,0.0,59.21,14.41,94.95,0.0,59.21,14.41,94.95,0.0,59.21,14.41,0.0,q1,32.858,0.846764,0.4336,31.65,0.3333,,,,,,,,,,,
sine-400Hz-1_absolute.csv,sine,6884,400.0581,84.233453,0.0,0.0,0.0,0.0,0.0,0.0,2.0172,391.0998,0.546225,0.005,4,63.676859,80.296375,1.261,0.0268,1.5445,662.6961,197.4143,55.3704,106.4184,92.82,-0.91,60.33,19.94,92.82,-2.13,59.25,14.95,92.82,1.52,62.45,25.58,92.82,1.52,62.45,25.28,0.0,q1,32.866,0.846698,0.2496,27.39,0.2951,,,,,,,,,,,
sine-400Hz-2_absolute.csv,sine,9258,399.9784,53.80314,0.0,0.0,0.0,0.0,0.0,0.0,2.2606,373.8938,0.66825,0.006,2,47.967488,126.22406,2.6315,0.3626,2.885,799.8488,196.2627,52.4871,21.3705,108.95,4.26,62.38,44.55,108.95,-1.83,63.33,47.06,108.95,-0.61,63.14,46.86,108.95,-1.83,63.33,47.06,0.0,q1,32.86,0.846746,0.3923,59.65,0.5475,,,,,,,,,,,
sine-400Hz-3_absolute.csv,sine,6425,400.0,82.918788,0.0,0.0,0.0,0.0,0.0,0.0,1.4379,395.6301,0.498107,0.0004,2,59.508876,94.628611,1.5902,-0.3387,1.829,799.8444,187.393,16.1037,-89.5799,94.95,-0.0,59.21,14.44,94.95,-0.0,59.21,14.44,94.95,-0.0,59.21,14.44,94.95,-0.0,59.21,14.44,0.0,q1,32.862,0.846733,0.2941,30.13,0.3173,,,,,,,,,,,
sine-400Hz-4_absolute.csv,sine,747,400.2677,80.749756,0.0,0.0,0.0,0.0,0.0,0.0,1.3988,395.8314,0.000288,0.0,2,59.278868,94.906433,1.601,-0.3433,1.8431,799.1968,192.7711,37.7449,90.0051,94.95,-0.0,59.21,14.74,94.95,-0.0,59.21,14.74,94.95,-0.0,59.21,14.74,94.95,-0.0,59.21,14.74,0.0,q1,32.88,0.846573,0.295,31.65,0.3333,,,,,,,,,,,
sine-400Hz-5_absolute.csv,sine,7621,399.9475,73.489144,0.0,0.0,0.0,0.0,0.0,0.0,2.2952,389.722,0.534596,0.0099,3,64.194863,81.044397,1.2625,0.0443,1.5205,683.1125,196.8246,77.5044,73.3856,94.95,0.0,59.21,14.46,94.95,0.0,59.21,14.46,94.95,0.0,59.21,14.46,94.95,0.0,59.21,14.46,0.0,q1,32.858,0.846764,0.2519,31.65,0.3333,,,,,,,,,,,
sine-400Hz-6_absolute.csv,sine,9894,400.0404,69.134135,0.0,0.0,0.0,0.0,0.0,0.0,2.548,387.8318,0.547629,0.0336,6,72.072878,180.376169,2.5027,-0.1732,2.6854,664.241,173.1352,80.1427,-139.8394,94.95,-0.0,59.21,14.43,94.95,-0.0,59.21,14.43,94.95,-0.0,59.21,14.43,94.95,-0.0,59.21,14.43,0.0,q1,32.865,0.846709,0.5606,30.13,0.3173,,,,,,,,,,,
sine-400Hz-7_absolute.csv,sine,7998,399.975,89.269058,0.0,0.0,0.0,0.0,0.0,0.0,2.0317,389.477,0.596262,0.0044,3,66.998276,83.595623,1.2477,0.1074,1.4029,776.4441,195.5489,49.5817,-3.4191,94.95,0.0,59.21,14.44,94.95,0.0,59.21,14.44,94.95,0.0,59.21,14.44,94.95,0.0,59.21,14.44,0.0,q1,32.86,0.846748,0.2598,31.65,0.3333,,,,,,,,,,,
sine-400Hz-8_absolute.csv,sine,7518,399.9734,85.432811,0.0,0.0,0.0,0.0,0.0,0.0,2.2817,385.391,0.58054,0.0093,5,67.358042,82.102463,1.2189,-0.0717,1.3835,763.767,190.8752,54.3378,-66.0953,80.04,1.52,69.37,26.45,80.04,0.3,70.08,24.82,80.04,-0.91,70.78,23.01,80.04,-0.91,70.78,23.01,0.0,q1,32.86,0.846749,0.2552,1.83,0.0228,,,,,,,,,,,
sine-400Hz-9_absolute.csv,sine,7538,399.9735,84.823447,0.0,0.0,0.0,0.0,0.0,0.0,2.0402,391.1996,0.597491,0.0057,2,63.677367,89.746643,1.4094,0.2475,1.5844,799.9469,197.0019,42.3848,119.5111,93.73,1.22,61.41,23.14,93.73,1.22,61.41,23.04,93.73,-1.22,59.22,14.59,93.73,-1.22,59.22,14.59,0.0,q1,32.86,0.846749,0.2789,26.23,0.2798,,,,,,,,,,,
Square-100Hz-10_absolute.csv,square,9397,100.0319,387.193572,0.025872,0.567432,0.038307,0.0,150.685021,56.9312,2.0873,146.3742,0.340565,0.3545,2,327.725071,527.083452,1.6083,0.0704,1.7449,200.0639,99.9255,,,522.22,-20.69,330.23,,522.22,20.69,330.64,,522.22,-20.69,330.23,,522.22,20.69,330.64,,0.0,q1,9.11,0.987879,1.4041,,,0.4763,0.916578,,,,,,,,,
Square-100Hz-1_absolute.csv,square,7614,99.9475,351.147484,0.020457,0.668322,0.023441,0.129614,478.788674,68.1485,2.2308,159.8692,0.326607,0.7056,2,322.57091,528.407721,1.6381,-0.0414,1.4815,199.8949,99.9475,,,474.74,-23.13,314.51,,474.74,23.13,314.51,,474.74,-23.13,314.51,,474.74,23.13,314.51,,0.0,q1,9.102,0.987899,1.4076,,,0.4997,0.996815,,,,,,,,,
Square-100Hz-2_absolute.csv,square,9725,100.0514,340.814293,0.032719,0.606784,0.040033,0.0,137.732049,60.8983,2.1709,156.7912,0.301279,0.5434,2,333.591802,500.518505,1.5004,-0.0045,1.3296,200.0,99.9486,,,484.79,-8.83,342.76,,484.79,5.78,342.05,,484.79,-6.39,344.09,,484.79,9.43,344.05,,0.0,q1,9.112,0.987874,1.3333,,,0.4999,1.00811,,,,,,,,,
Square-100Hz-3_absolute.csv,square,8066,100.0496,346.893773,0.015986,0.641668,0.033284,0.0,301.996782,64.273,2.1382,153.4766,0.210081,0.471,2,320.557679,521.603495,1.6272,0.0095,1.5809,199.9752,100.0496,,,443.09,8.52,318.04,,443.09,-8.52,319.68,,443.09,8.52,318.04,,443.09,-8.52,319.68,,0.0,q1,9.112,0.987875,1.3895,,,0.5001,0.968729,,,,,,,,,
Square-100Hz-4_absolute.csv,square,7953,99.9623,372.34901,0.012098,0.648413,0.013508,0.025641,1280.59366,64.9174,2.1226,155.2208,0.297527,0.8893,2,328.472261,518.8078,1.5795,0.0333,1.7633,200.0503,99.9623,,,522.22,-19.48,327.91,,522.22,19.48,329.15,,522.22,-19.48,327.91,,522.22,19.48,329.15,,0.0,q1,9.104,0.987896,1.382,,,0.4999,0.996699,,,,,,,,,
Square-100Hz-5_absolute.csv,square,7809,100.0128,397.022707,0.022644,0.528193,0.01114,0.0,438.073374,52.8795,2.09,147.6218,0.297401,0.2051,2,323.902482,522.983511,1.6146,-0.0404,1.7334,199.8976,100.0128,,,531.96,28.0,323.83,,531.96,-25.56,328.21,,531.96,23.13,325.87,,531.96,-25.56,327.91,,0.0,q1,9.108,0.987884,1.3932,,,0.5001,0.917638,,,,,,,,,
Square-100Hz-6_absolute.csv,square,7463,99.9598,363.819536,0.060862,0.608116,0.018194,0.142051,96.645583,62.7709,2.1612,153.5622,0.190209,0.9082,3,319.164884,535.377712,1.6774,-0.0272,1.5034,199.9196,100.0938,,,510.35,19.17,318.27,,518.26,-21.0,328.5,,518.26,22.82,323.71,,518.26,-21.0,328.5,,7.91,q2,9.103,0.987896,1.4262,,,0.5002,0.938539,,,,,,,,,
Square-100Hz-7_absolute.csv,square,8431,99.9881,400.061422,0.012465,0.533746,0.021062,0.092375,489.862129,54.2233,2.1309,150.2598,0.334423,1.4197,2,330.524135,518.016825,1.5673,-0.0043,1.3239,199.9763,99.9881,,,530.13,6.7,341.02,,530.13,-6.7,341.65,,530.13,6.7,341.02,,530.13,-6.7,341.65,,0.0,q1,9.106,0.98789,1.3799,,,0.4999,0.956195,,,,,,,,,
Square-100Hz-8_absolute.csv,square,8298,100.0241,386.127089,0.017793,0.526327,0.018765,0.0,414.242757,52.6961,2.1359,151.6278,0.295257,0.2596,2,321.878125,438.471481,1.3622,0.0216,1.49,199.9277,100.0241,,,435.18,23.74,326.72,,435.18,-23.74,326.72,,435.18,23.74,326.72,,435.18,-23.74,326.72,,0.0,q1,9.109,0.987881,1.168,,,0.5001,0.929357,,,,,,,,,
Square-100Hz-9_absolute.csv,square,8736,100.0458,350.269054,0.022048,0.70251,0.012099,0.0,780.258064,70.296,2.182,159.6951,0.355225,0.4185,2,327.477569,515.963337,1.5756,-0.0077,1.6523,199.9771,100.0458,,,435.18,22.52,326.72,,435.18,-22.52,326.72,,435.18,22.52,326.72,,435.18,-22.52,326.72,,0.0,q1,9.111,0.987876,1.3745,,,0.5002,1.037326,,,,,,,,,
Square-1Hz-10_absolute.csv,square,9270,3.0205,118.606208,0.013933,0.278174,0.009957,0.192752,390.532492,33.8862,4.5114,16.1745,0.37522,55.5105,33,288.926416,329.606514,1.1408,0.0366,1.0585,1.9417,14.4552,,,69.39,-29.22,49.18,,9.74,9.74,9.74,,9.74,9.74,9.74,,9.74,9.74,9.74,,59.65,q1,0.277,0.999989,0.8674,,,0.4849,0.011821,,,,,,,,,
Square-1Hz-1_absolute.csv,square,9054,2.9821,113.415653,0.018573,0.273883,0.006949,0.189288,281.871997,33.3519,4.5422,16.8003,0.39098,41.4539,36,286.707813,338.125326,1.1793,-0.0068,1.0571,1.9881,14.8001,,,354.84,354.84,354.84,,354.84,43.21,272.18,,199.03,-199.03,199.03,,199.03,-199.03,199.03,,155.81,q1,0.274,0.999989,0.8898,,,0.4964,0.012249,,,,,,,,,
Square-1Hz-2_absolute.csv,square,9323,3.0033,116.974407,0.014524,0.30509,0.008098,0.1799,453.660027,35.4571,4.4804,17.901,0.370132,54.4704,29,277.577576,366.441807,1.3201,-0.0341,1.034,2.038,8.7955,,,360.93,360.93,360.93,,360.93,18.87,242.77,,192.94,-186.85,188.04,,192.94,-192.94,192.94,,167.99,q1,0.276,0.999989,0.9643,,,0.5102,0.015106,,,,,,,,,
Square-1Hz-3_absolute.csv,square,9418,2.973,110.764448,0.007429,0.29973,0.004523,0.177008,1601.773765,34.8203,4.3278,16.5322,0.306098,65.2122,30,275.89669,365.727964,1.3256,0.0919,1.0352,1.9112,8.1758,,,0.0,-0.0,0.0,,0.0,-0.0,0.0,,0.0,-0.0,0.0,,0.0,-0.0,0.0,,0.0,q1,0.273,0.999989,0.9625,,,0.4778,0.011983,,,,,,,,,
Square-1Hz-4_absolute.csv,square,8830,2.9445,102.578495,0.025103,0.312567,0.010104,0.187805,181.581131,36.5652,4.5109,17.4517,0.387538,89.2418,39,282.738361,361.65851,1.2791,0.052,1.0521,2.0385,9.06,,,231.29,-231.29,231.29,,231.29,-231.29,231.29,,401.71,139.99,278.16,,322.58,322.58,322.58,,170.42,q3,0.27,0.999989,0.9517,,,0.4904,0.014831,,,,,,,,,
Square-1Hz-5_absolute.csv,square,9331,3.0008,118.325093,0.017603,0.317343,0.009569,0.184095,335.299019,36.7422,4.5242,16.4218,0.402863,59.4764,32,282.979288,372.504364,1.3164,-0.0178,1.0533,2.0362,10.3955,,,0.0,0.0,0.0,,0.0,0.0,0.0,,0.0,0.0,0.0,,0.0,0.0,0.0,,0.0,q1,0.275,0.999989,0.9803,,,0.5085,0.012879,,,,,,,,,
Square-1Hz-6_absolute.csv,square,9546,3.0379,100.222805,0.028699,0.40327,0.008205,0.218955,236.33821,45.9846,4.6944,17.4516,0.406867,86.2995,40,297.726003,398.860886,1.3397,-0.0182,1.055,1.9904,9.2185,,,0.0,0.0,0.0,,0.0,0.0,0.0,,0.0,0.0,0.0,,0.0,0.0,0.0,,0.0,q1,0.279,0.999989,1.0496,,,0.5044,0.010988,,,,,,,,,
Square-1Hz-7_absolute.csv,square,8822,2.9472,98.571598,0.036929,0.3496,0.012918,0.212135,109.248372,41.0794,4.6869,18.8792,0.405438,91.9159,42,290.525961,417.845039,1.4382,-0.0563,1.0628,2.0404,13.489,,,403.84,403.84,403.84,,403.84,-103.77,173.24,,150.03,-150.03,150.03,,150.03,-150.03,150.03,,253.81,q1,0.271,0.999989,1.0996,,,0.5101,0.01464,,,,,,,,,
Square-1Hz-8_absolute.csv,square,9998,3.0006,121.946382,0.017848,0.30221,0.013205,0.181757,252.295825,35.3355,4.4839,16.8125,0.405422,98.7473,31,283.39559,367.248371,1.2959,-0.0171,1.0498,2.0004,12.3025,,,462.27,271.15,369.71,,91.6,-87.95,89.5,,91.6,-91.6,91.6,,91.6,-91.6,91.6,,370.67,q1,0.275,0.999989,0.9665,,,0.5001,0.013544,,,,,,,,,
Square-1Hz-9_absolute.csv,square,9932,3.0205,116.903984,0.020526,0.296651,0.018982,0.188292,157.940469,35.2473,4.5653,17.306,0.408501,101.3962,31,294.722337,332.668144,1.1288,-0.0307,1.0551,2.0137,16.1095,,,398.36,398.36,398.36,,398.36,-87.34,201.84,,155.51,-155.51,155.51,,155.51,-155.51,155.51,,242.85,q1,0.277,0.999989,0.8755,,,0.5034,0.01347,,,,,,,,,
Square-200Hz-10_absolute.csv,square,9210,200.0,142.145716,0.510523,0.0,0.0,0.0,0.0,51.0523,2.3057,238.7182,0.485815,0.0019,2,115.070485,238.110834,2.0693,-0.1865,2.8291,400.0,200.0,,,158.25,0.0,100.08,,158.25,0.0,100.08,,158.25,0.0,100.08,,158.25,0.0,100.08,,0.0,q1,17.801,0.954028,0.6568,,,0.2384,1.896229,,,,,,,,,
Square-200Hz-1_absolute.csv,square,8181,199.9756,152.452263,0.422462,0.0,0.0,0.0,0.0,42.2462,2.1508,232.0649,0.538299,0.0029,2,129.927957,268.553492,2.0669,-0.5221,2.6702,400.0733,199.9756,,,221.55,-0.0,126.6,,221.55,-0.0,126.6,,221.55,-0.0,126.6,,221.55,-0.0,126.6,,0.0,q1,17.799,0.954039,0.7408,,,0.5639,1.730942,,,,,,,,,
Square-200Hz-2_absolute.csv,square,8692,199.954,96.66084,0.44924,0.0,0.0,0.0,0.0,44.924,2.3502,231.0946,0.5349,0.0063,4,96.791171,198.037579,2.046,-0.3127,2.6184,399.908,199.954,,,174.99,0.3,105.24,,174.99,1.52,105.5,,174.99,-0.91,104.97,,174.99,-0.91,104.97,,0.0,q1,17.797,0.954048,0.5463,,,0.5495,1.574496,,,,,,,,,
Square-200Hz-3_absolute.csv,square,9415,200.0,164.705716,0.352113,0.0,0.0,0.0,0.0,35.2113,1.9847,223.2261,0.538351,0.0018,2,129.000729,230.993336,1.7906,0.5531,2.3287,400.0,200.0,,,206.94,1.22,128.57,,206.94,-2.43,128.31,,206.94,1.22,128.57,,206.94,-0.0,128.48,,0.0,q1,17.801,0.954028,0.6372,,,0.2793,1.61986,,,,,,,,,
Square-200Hz-4_absolute.csv,square,9154,200.0218,142.091028,0.474832,0.0,0.0,0.0,0.0,47.4832,2.0031,242.1333,0.089425,0.0,2,115.079972,219.064745,1.9036,1.1543,2.8162,399.9345,199.9126,,,221.55,0.0,116.29,,221.55,0.0,116.29,,221.55,0.0,116.29,,221.55,0.0,116.29,,0.0,q1,17.802,0.954019,0.6043,,,0.2,1.890885,,,,,,,,,
Square-200Hz-5_absolute.csv,square,8783,200.0455,123.684391,0.611479,0.0,0.0,0.0,0.0,61.1479,2.2084,252.5909,0.488911,0.0011,2,121.720664,246.533918,2.0254,-0.2717,2.7191,399.8634,199.9317,,,205.72,-0.0,128.56,,205.72,-0.0,128.56,,205.72,-0.0,128.56,,205.72,-0.0,128.56,,0.0,q1,17.804,0.954009,0.68,,,0.3315,1.809471,,,,,,,,,
Square-200Hz-6_absolute.csv,square,9658,200.0414,155.354518,0.457988,0.0,0.0,0.0,0.0,45.7988,1.89,230.3847,0.35359,0.0002,2,132.28303,236.954178,1.7913,-0.7623,2.4988,400.0828,199.9379,,,237.37,-0.0,132.4,,237.37,-0.0,132.4,,237.37,-0.0,132.4,,237.37,-0.0,132.4,,0.0,q1,17.804,0.95401,0.6536,,,0.8,1.721181,,,,,,,,,
Square-200Hz-7_absolute.csv,square,7876,199.9746,136.291235,0.300249,0.0,0.0,0.0,0.0,30.0249,1.7545,218.6814,0.306722,0.0004,2,102.675773,175.316521,1.7075,-0.3533,2.2772,399.9492,199.9746,,,174.07,0.0,104.97,,174.07,0.0,104.97,,174.07,0.0,104.97,,174.07,0.0,104.97,,0.0,q1,17.798,0.954039,0.4836,,,0.3972,1.588817,,,,,,,,,
Square-200Hz-8_absolute.csv,square,8992,199.9555,148.303088,0.411344,0.0,0.0,0.0,0.0,41.1344,1.9875,223.1272,0.466107,0.0012,2,127.858135,219.377275,1.7158,0.5578,2.3287,400.0222,199.9555,,,189.9,-0.0,107.33,,189.9,-0.0,107.33,,189.9,-0.0,107.33,,189.9,-0.0,107.33,,0.0,q1,17.797,0.954047,0.6051,,,0.2978,1.641883,,,,,,,,,
Square-200Hz-9_absolute.csv,square,11282,199.9645,136.848097,0.607349,0.0,0.0,0.0,0.0,60.7349,2.2805,249.3108,0.36692,0.0007,2,121.073437,293.057568,2.4205,1.1772,3.0468,399.9291,199.9645,,,225.81,4.26,116.37,,225.81,3.04,117.72,,225.81,-3.04,124.27,,225.81,-4.26,125.54,,0.0,q1,17.798,0.954043,0.8084,,,0.2105,1.929038,,,,,,,,,
Square-300Hz-10_absolute.csv,square,8410,300.0,479.987237,0.0,0.0,0.0,0.0,0.0,0.0,1.3582,298.8254,0.28101,0.0006,2,341.199697,492.46858,1.4433,0.0226,1.5018,599.8811,111.2961,,,477.18,-7.3,342.55,,477.18,12.17,341.29,,477.18,-10.96,341.31,,477.18,6.09,341.19,,0.0,q1,25.772,0.904592,1.4327,,,0.5,2.596674,,,,,,,,,
Square-300Hz-1_absolute.csv,square,8606,300.0232,462.572401,0.0,0.0,0.0,0.0,0.0,0.0,1.3459,299.3068,0.408298,0.0013,2,334.760534,549.555391,1.6416,0.0126,1.6017,599.9303,110.1557,,,482.66,9.13,321.01,,482.66,-9.13,321.6,,482.66,9.13,321.01,,482.66,-9.13,321.6,,0.0,q1,25.773,0.904579,1.5988,,,0.5566,2.609928,,,,,,,,,
Square-300Hz-2_absolute.csv,square,8156,300.0245,471.04584,0.0,0.0,0.0,0.0,0.0,0.0,1.3636,299.464,0.289533,0.0019,2,340.850277,490.236328,1.4383,-0.0026,1.4307,599.9264,113.4134,,,474.74,-7.3,343.07,,474.74,7.3,343.07,,474.74,-7.3,343.07,,474.74,7.3,343.07,,0.0,q1,25.773,0.904578,1.4262,,,0.5,2.603867,,,,,,,,,
Square-300Hz-3_absolute.csv,square,7794,299.9743,457.287624,0.0,0.0,0.0,0.0,0.0,0.0,1.3062,299.58,0.27365,0.0005,1,338.781534,535.594158,1.5809,-0.0235,1.5565,599.9487,107.9035,,,506.39,4.87,337.18,,506.39,-4.87,338.67,,506.39,4.87,337.18,,506.39,-4.87,338.67,,0.0,q1,25.77,0.904606,1.5581,,,0.479,2.609614,,,,,,,,,
Square-300Hz-4_absolute.csv,square,8358,299.9521,421.331132,0.0,0.0,0.0,0.0,0.0,0.0,1.3614,299.3232,0.346649,0.0012,2,337.724334,498.476715,1.476,0.0099,1.4262,599.9043,110.5528,,,458.92,-2.43,341.27,,458.92,2.43,344.14,,458.92,-2.43,341.27,,458.92,2.43,344.14,,0.0,q1,25.768,0.904618,1.4501,,,0.5,2.60595,,,,,,,,,
Square-300Hz-5_absolute.csv,square,8226,300.0243,464.243181,0.0,0.0,0.0,0.0,0.0,0.0,1.3449,299.6169,0.287959,0.0013,1,333.943938,533.706692,1.5982,-0.0042,1.6116,599.9271,111.8405,,,474.74,-6.09,314.51,,474.74,6.09,314.51,,474.74,-6.09,314.51,,474.74,6.09,314.51,,0.0,q1,25.773,0.904578,1.5526,,,0.4752,2.609164,,,,,,,,,
Square-300Hz-6_absolute.csv,square,8897,299.9888,457.692638,0.0,0.0,0.0,0.0,0.0,0.0,1.3861,298.9709,0.38879,0.0034,2,330.631255,480.390594,1.4529,0.0044,1.426,599.9775,117.9049,,,475.35,-6.7,344.63,,475.35,7.91,344.6,,475.35,-7.91,343.09,,475.35,6.7,343.06,,0.0,q1,25.771,0.904598,1.3975,,,0.4999,2.602859,,,,,,,,,
Square-300Hz-7_absolute.csv,square,8802,300.0454,416.7834,0.0,0.0,0.0,0.0,0.0,0.0,1.3866,298.8641,0.321402,0.0063,2,326.749268,488.236347,1.4942,-0.0117,1.4876,599.9773,103.1584,,,435.18,3.04,334.29,,435.18,-3.04,334.29,,435.18,3.04,334.29,,435.18,-3.04,334.29,,0.0,q1,25.775,0.904567,1.4204,,,0.5,2.601261,,,,,,,,,
Square-300Hz-8_absolute.csv,square,9259,300.0324,460.97697,0.0,0.0,0.0,0.0,0.0,0.0,1.3454,298.9953,0.338045,0.0009,2,342.816851,485.168982,1.4152,0.012,1.533,599.9568,111.3511,,,474.74,4.87,350.3,,474.74,-4.87,350.3,,474.74,4.87,350.3,,474.74,-4.87,350.3,,0.0,q1,25.774,0.904574,1.4114,,,0.4999,2.608986,,,,,,,,,
Square-300Hz-9_absolute.csv,square,9462,300.0423,420.882757,0.0,0.0,0.0,0.0,0.0,0.0,1.3918,299.5261,0.26446,0.0048,2,324.917454,477.536406,1.4697,-0.0149,1.5472,599.8732,100.0845,,,474.74,6.09,330.05,,474.74,-6.09,330.05,,474.74,6.09,330.05,,474.74,-6.09,330.05,,0.0,q1,25.775,0.904569,1.3893,,,0.4671,2.603822,,,,,,,,,
Square-400Hz-10_absolute.csv,square,11569,400.0346,80.157099,0.0,0.0,0.0,0.0,0.0,0.0,2.1388,364.476,0.577696,0.0023,2,76.750022,122.061201,1.5904,-0.3294,1.9572,799.9827,193.7938,,,94.95,0.0,77.53,,94.95,0.0,77.53,,94.95,0.0,77.53,,94.95,0.0,77.53,,0.0,q1,32.864,0.846712,0.3794,,,0.5942,3.216296,,,,,,,,,
Square-400Hz-1_absolute.csv,square,10772,400.0186,84.117258,0.0,0.0,0.0,0.0,0.0,0.0,2.1587,388.5386,0.625761,0.0096,4,63.918393,141.801785,2.2185,-0.0999,2.0648,799.9443,194.0215,,,79.12,-0.0,70.77,,79.12,-0.0,70.77,,79.12,-0.0,70.77,,79.12,-0.0,70.77,,0.0,q1,32.863,0.846722,0.4407,,,0.4,3.404343,,,,,,,,,
Square-400Hz-2_absolute.csv,square,9106,399.9561,87.070673,0.0,0.0,0.0,0.0,0.0,0.0,1.6967,389.6118,0.427066,0.0006,2,70.988747,79.523703,1.1202,-0.0099,1.2424,759.1698,197.1228,,,79.12,0.0,70.77,,79.12,0.0,70.77,,79.12,0.0,70.77,,79.12,0.0,70.77,,0.0,q1,32.859,0.846759,0.2471,,,0.405,3.44046,,,,,,,,,
Square-400Hz-3_absolute.csv,square,9195,400.0,96.902955,0.0,0.0,0.0,0.0,0.0,0.0,1.6228,389.2644,0.46223,0.0008,2,70.118615,80.268478,1.1448,-0.0282,1.2739,799.8912,195.7586,,,79.12,-0.0,70.77,,79.12,-0.0,70.77,,79.12,-0.0,70.77,,79.12,-0.0,70.77,,0.0,q1,32.862,0.846733,0.2495,,,0.4,3.491549,,,,,,,,,
Square-400Hz-4_absolute.csv,square,10406,399.9616,85.529372,0.0,0.0,0.0,0.0,0.0,0.0,1.8024,387.5824,0.527577,0.0019,2,72.793026,164.483025,2.2596,0.1823,1.2874,799.9231,197.4822,,,94.95,-0.0,77.53,,94.95,-0.0,77.53,,94.95,-0.0,77.53,,94.95,-0.0,77.53,,0.0,q1,32.859,0.846756,0.5112,,,0.5397,3.399974,,,,,,,,,
Square-400Hz-5_absolute.csv,square,9276,400.0647,72.772731,0.0,0.0,0.0,0.0,0.0,0.0,1.9055,391.6367,0.616106,0.0059,2,69.137305,144.779177,2.0941,-0.0289,1.9445,799.9138,190.276,,,126.6,0.0,80.69,,126.6,0.0,80.69,,126.6,0.0,80.69,,126.6,0.0,80.69,,0.0,q1,32.866,0.846694,0.45,,,0.5999,3.425851,,,,,,,,,
Square-400Hz-6_absolute.csv,square,9980,400.0,89.283237,0.0,0.0,0.0,0.0,0.0,0.0,1.9153,389.9889,0.570926,0.0044,3,68.388908,83.111912,1.2153,-0.0971,1.3454,800.0,196.5932,,,94.95,0.0,59.21,,94.95,0.0,59.21,,94.95,0.0,59.21,,94.95,0.0,59.21,,0.0,q1,32.862,0.846733,0.2583,,,0.4,3.41802,,,,,,,,,
Square-400Hz-7_absolute.csv,square,12355,400.0,91.255713,0.0,0.0,0.0,0.0,0.0,0.0,2.4853,378.0561,0.568799,0.0081,5,74.354738,119.060646,1.6013,-0.3581,2.1168,799.9191,196.6006,,,97.99,-3.04,77.59,,97.99,-3.04,77.59,,97.99,-3.04,77.59,,139.38,9.13,91.92,,41.39,q4,32.862,0.846733,0.37,,,0.6,3.230186,,,,,,,,,
Square-400Hz-8_absolute.csv,square,10058,399.9801,111.461602,0.0,0.0,0.0,0.0,0.0,0.0,1.9038,386.0531,0.46558,0.0027,2,85.546522,138.321466,1.6169,0.0822,1.4454,784.4502,195.0686,,,142.42,-0.0,92.27,,142.42,-0.0,92.27,,142.42,-0.0,92.27,,142.42,-0.0,92.27,,0.0,q1,32.861,0.846745,0.4299,,,0.4391,3.430441,,,,,,,,,
Square-400Hz-9_absolute.csv,square,8689,400.046,106.18752,0.0,0.0,0.0,0.0,0.0,0.0,1.8439,390.722,0.587593,0.0042,2,85.074587,145.890852,1.7149,0.3046,1.7283,799.8619,197.9514,,,142.42,0.0,92.27,,142.42,0.0,92.27,,142.42,0.0,92.27,,142.42,0.0,92.27,,0.0,q1,32.865,0.846705,0.4534,,,0.4124,3.448954,,,,,,,,,
noise-10_absolute.csv,noise,9450,2.1164,6.736807,0.181596,0.205226,0.344651,0.430687,1.499777,61.593,8.53,56.3757,0.693622,6.2026,153,23.669468,86.860569,3.6697,2.6371,8.2684,9.1005,3.4921,,,0.0,0.0,0.0,,0.0,0.0,0.0,,0.0,0.0,0.0,,0.0,0.0,0.0,,0.0,q1,0.194,0.999994,0.2286,,,,,8.2684,5.2684,0.946786,,,,,,
noise-11_absolute.csv,noise,12802,1.9528,5.201619,0.370737,0.18714,0.213285,0.152659,0.318832,49.1185,8.8145,48.2766,0.654782,10.1361,204,32.999158,96.819048,2.934,-1.32,2.7631,9.2954,4.2962,,,0.0,0.0,0.0,,0.0,0.0,0.0,,0.0,0.0,0.0,,0.0,0.0,0.0,,0.0,q1,0.179,0.999995,0.2548,,,,,2.7631,0.2369,0.972377,,,,,,
noise-12_absolute.csv,noise,10083,37.4888,7.360919,0.127745,0.113817,0.085109,0.068827,0.75083,20.311,9.5252,83.4054,0.709025,4.4464,471,39.103906,224.321011,5.7365,-1.3337,6.6777,32.53,1.1901,,,97.99,-97.99,97.99,,97.99,-24.95,38.11,,60.26,38.34,52.19,,139.38,84.6,92.15,,79.12,q4,3.438,0.998271,0.5913,,,,,6.6777,3.6777,0.923437,,,,,,
noise-13_absolute.csv,noise,11200,2.0536,4.772481,0.526429,0.390928,0.559213,0.574539,0.81872,103.5744,10.4004,98.763,0.723385,2.0919,627,37.956529,185.106771,4.8768,0.6027,1.6211,31.875,15.2679,,,0.0,0.0,0.0,,0.0,0.0,0.0,,0.0,0.0,0.0,,0.0,0.0,0.0,,0.0,q1,0.189,0.999995,0.4871,,,,,1.6211,1.3789,0.923363,,,,,,
noise-14_absolute.csv,noise,8435,37.463,4.130316,0.226969,0.115976,0.074494,0.129688,0.530446,29.5523,9.7029,98.9323,0.724634,2.9769,426,20.069886,84.095633,4.1901,-3.0918,13.0609,17.9016,1.3041,,,78.21,-2.74,16.83,,0.91,0.91,0.91,,0.91,0.91,0.91,,0.91,0.91,0.91,,77.3,q1,3.435,0.998273,0.2217,,,,,13.0609,10.0609,0.840482,,,,,,
noise-15_absolute.csv,noise,9194,2.0666,8.412635,0.304546,0.307061,0.330546,0.314587,0.95665,62.8697,9.8617,99.6201,0.710677,2.4014,456,39.580045,188.118589,4.7529,0.3794,1.7813,59.4953,28.4968,,,31.04,31.04,31.04,,48.08,20.09,33.92,,127.21,-20.09,54.69,,206.33,-31.04,64.35,,175.29,q4,0.19,0.999995,0.4951,,,,,1.7813,1.2187,0.861542,,,,,,
noise-16_absolute.csv,noise,8234,38.256,5.715219,0.110354,0.093808,0.477513,0.122988,0.09961,51.3929,9.7368,126.8828,0.676425,1.4202,478,38.678533,323.91432,8.3745,-0.2077,7.7346,42.5067,6.9225,,,3.35,-3.35,3.35,,3.35,-3.35,3.35,,3.35,-3.35,3.35,,154.9,10.04,41.85,,151.55,q4,3.508,0.998199,0.8539,,,,,7.7346,4.7346,0.819269,,,,,,
noise-17_absolute.csv,noise,8394,1.9061,7.86167,0.527578,0.314973,0.312227,0.341708,0.574664,76.9283,9.9016,98.9439,0.69679,2.7507,437,40.787221,171.359921,4.2013,0.0452,4.1923,18.823,8.5776,,,77.91,3.65,19.36,,1.22,-1.22,1.22,,1.22,-1.22,1.22,,1.22,-1.22,1.22,,76.69,q1,0.175,0.999996,0.4509,,,,,4.1923,1.1923,0.896882,,,,,,
noise-18_absolute.csv,noise,9274,2.3722,0.72462,0.813185,0.822931,0.742652,0.528207,0.788438,147.276,10.9414,172.1985,0.774907,0.4725,610,6.555628,157.770216,24.0664,11.5355,170.5143,6.4697,2.9114,,,4.56,-4.56,4.56,,4.56,-4.56,4.56,,4.56,-4.56,4.56,,153.68,13.69,41.04,,149.12,q4,0.218,0.999993,0.4152,,,,,170.5143,167.5143,0.45022,,,,,,
noise-19_absolute.csv,noise,8929,1.9039,8.531517,0.511384,0.161259,0.193263,0.215141,0.241883,60.9224,9.1236,73.4047,0.692214,4.0908,249,39.930112,136.013592,3.4063,-0.4322,2.5773,19.4871,12.3194,,,56.3,36.82,50.18,,135.42,3.96,50.73,,56.3,-17.96,26.15,,22.82,-22.82,22.82,,112.6,q2,0.175,0.999996,0.3579,,,,,2.5773,0.4227,0.94171,,,,,,
noise-1_absolute.csv,noise,9598,2.188,1.564473,0.340385,0.143296,0.430201,0.475112,0.818335,73.973,10.1502,94.9476,0.725544,3.0569,638,25.399711,87.318336,3.4378,-2.1293,7.3311,6.1471,1.4586,,,18.87,-18.87,18.87,,18.87,-18.87,18.87,,60.26,-10.35,26.62,,60.26,48.08,55.92,,41.39,q3,0.201,0.999994,0.2298,,,,,7.3311,4.3311,0.953978,,,,,,
noise-20_absolute.csv,noise,8449,1.8937,3.039725,0.86644,0.729314,0.828388,0.503195,0.546371,149.0654,9.681,75.6121,0.693118,4.0463,567,25.515173,85.17363,3.3382,-1.5554,8.3414,10.2971,3.6691,,,76.08,3.04,21.3,,76.08,3.04,21.3,,3.04,-3.04,3.04,,3.04,-3.04,3.04,,73.04,q1,0.174,0.999996,0.2241,,,,,8.3414,5.3414,0.902639,,,,,,
noise-21_absolute.csv,noise,8270,2.1765,3.004245,0.415876,0.349378,0.429706,0.262846,0.534544,74.0779,8.0511,44.7855,0.67152,13.1327,149,218.21105,530.359602,2.4305,-1.9071,4.8085,3.2648,0.8464,,,0.0,0.0,0.0,,0.0,0.0,0.0,,0.0,0.0,0.0,,0.0,0.0,0.0,,0.0,q1,0.2,0.999994,1.3957,,,,,4.8085,1.8085,0.999571,,,,,,
noise-22_absolute.csv,noise,13139,2.5877,8.112348,0.535896,0.24094,0.407085,0.288874,0.31243,77.0975,8.686,40.5977,0.646624,15.0424,221,230.568023,379.215754,1.6447,-0.332,1.3208,0.4567,4.4904,,,0.0,0.0,0.0,,0.0,0.0,0.0,,0.0,0.0,0.0,,0.0,0.0,0.0,,0.0,q1,0.238,0.999992,0.9979,,,,,1.3208,1.6792,0.998485,,,,,,
noise-23_absolute.csv,noise,12412,3.0616,4.451568,0.533677,0.508519,0.355864,0.326356,0.88735,88.1221,9.9874,82.3967,0.71991,3.4828,709,201.303643,427.481197,2.1236,-1.0226,2.219,1.1279,8.7013,,,0.0,0.0,0.0,,0.0,0.0,0.0,,0.0,0.0,0.0,,0.0,0.0,0.0,,0.0,q1,0.281,0.999988,1.125,,,,,2.219,0.781,0.997722,,,,,,
noise-24_absolute.csv,noise,14517,1.9977,4.916175,0.394481,0.309976,0.429159,0.247257,0.462698,70.4992,9.8557,71.945,0.699592,5.3752,382,64.838677,101.879578,1.5713,-0.5735,1.7234,10.4705,4.753,,,0.0,0.0,0.0,,0.0,0.0,0.0,,0.0,0.0,0.0,,0.0,0.0,0.0,,0.0,q1,0.183,0.999995,0.2681,,,,,1.7234,1.2766,0.989639,,,,,,
noise-25_absolute.csv,noise,11070,2.8907,5.350677,0.508435,0.399248,0.284531,0.25179,0.656319,74.9841,9.4867,68.4805,0.700991,6.2813,472,86.44964,195.579947,2.2624,-0.3228,1.691,3.4327,7.9494,,,0.0,0.0,0.0,,0.0,0.0,0.0,,0.0,0.0,0.0,,0.0,0.0,0.0,,0.0,q1,0.265,0.99999,0.5147,,,,,1.691,1.309,0.990993,,,,,,
noise-26_absolute.csv,noise,10974,1.9136,6.293448,0.418038,0.313283,0.387281,0.562376,1.276128,85.9741,9.6969,75.2231,0.690542,6.9513,479,216.035336,512.336817,2.3715,-1.7572,4.3692,2.4604,16.4935,,,0.0,0.0,0.0,,0.0,0.0,0.0,,0.0,0.0,0.0,,0.0,0.0,0.0,,0.0,q1,0.176,0.999995,1.3483,,,,,4.3692,1.3692,0.996913,,,,,,
noise-27_absolute.csv,noise,586,1.7065,0.979281,1.896928,1.896928,1.896928,1.0,0.638953,343.4386,0.9547,12.9358,0.645087,20.671,0,8.59605,78.178835,9.0947,8.9848,81.7264,11.9454,5.1195,,,0.0,0.0,0.0,,0.0,0.0,0.0,,,,,,,,,,0.0,q1,0.157,0.999996,0.2057,,,,,81.7264,78.7264,0.456909,,,,,,
noise-28_absolute.csv,noise,11583,61.9011,5.370166,0.189043,0.124914,0.105129,0.045356,0.37745,25.3871,10.2306,100.8629,0.7173,2.6764,702,31.019397,144.14872,4.6471,1.5171,3.8979,41.0947,18.907,,,0.0,0.0,0.0,,0.0,0.0,0.0,,0.0,0.0,0.0,,0.0,0.0,0.0,,0.0,q1,5.665,0.995306,0.3811,,,,,3.8979,0.8979,0.847768,,,,,,
noise-29_absolute.csv,noise,10342,2.1272,7.945321,0.45593,0.309704,0.502023,0.277253,0.375705,79.5415,9.7149,78.6291,0.70467,4.8307,387,38.540837,99.726475,2.5876,0.4966,2.5609,27.9443,12.6668,,,76.39,-8.22,28.54,,2.74,2.74,2.74,,2.74,2.74,2.74,,2.74,2.74,2.74,,73.65,q1,0.195,0.999994,0.2624,,,,,2.5609,0.4391,0.930099,,,,,,
noise-2_absolute.csv,noise,10414,2.1125,2.588555,0.335954,0.480563,0.560304,0.527843,1.193887,96.7659,9.4722,60.8039,0.66695,7.4508,382,37.229929,102.684933,2.7581,0.7065,1.9741,2.6887,1.2483,,,0.0,-0.0,0.0,,0.0,-0.0,0.0,,0.0,-0.0,0.0,,0.0,-0.0,0.0,,0.0,q1,0.194,0.999994,0.2702,,,,,1.9741,1.0259,0.988289,,,,,,
noise-30_absolute.csv,noise,10428,2.1097,5.051787,0.315762,0.142568,0.306373,0.256184,0.444058,52.8702,9.8824,93.7024,0.725797,3.8233,481,33.118512,93.220863,2.8148,1.0756,3.7907,14.0967,6.1373,,,0.0,0.0,0.0,,0.0,0.0,0.0,,0.0,0.0,0.0,,0.0,0.0,0.0,,0.0,q1,0.194,0.999995,0.2453,,,,,3.7907,0.7907,0.944433,,,,,,
noise-31_absolute.csv,noise,6384,2.3496,6.74551,0.143594,0.288434,0.162747,0.337305,4.181436,49.4039,8.1886,63.8714,0.685144,6.8775,133,31.331081,85.147421,2.7177,-0.6422,5.8963,18.797,0.3133,,,0.0,0.0,0.0,,0.0,0.0,0.0,,0.0,0.0,0.0,,0.0,0.0,0.0,,0.0,q1,0.216,0.999993,0.2241,,,,,5.8963,2.8963,0.937527,,,,,,
noise-32_absolute.csv,noise,6938,1.8737,7.859732,0.966924,0.390418,0.367823,0.33139,0.245035,115.4332,8.9191,73.3996,0.690506,6.1766,372,72.488769,353.160341,4.8719,-2.5119,10.4064,33.439,15.9988,,,252.89,188.38,191.87,,94.64,22.82,69.99,,142.73,-94.04,101.61,,142.73,-117.16,122.87,,158.25,q1,0.172,0.999996,0.9294,,,,,10.4064,7.4064,0.975957,,,,,,
noise-33_absolute.csv,noise,10885,3.491,3.595475,0.580134,0.335376,0.352922,0.308033,0.449702,81.7601,8.9306,45.2446,0.642254,12.5244,334,22.335387,161.692545,7.2393,1.445,11.9869,7.1658,3.2154,,,1.22,-1.22,1.22,,77.91,3.65,19.36,,1.22,-1.22,1.22,,1.22,-1.22,1.22,,76.69,q2,0.32,0.999985,0.4255,,,,,11.9869,8.9869,0.93313,,,,,,
noise-34_absolute.csv,noise,9872,37.581,2.452552,0.368383,0.173961,0.454824,0.256194,0.279935,66.217,10.6132,105.0543,0.729957,1.936,661,30.336415,153.221622,5.0507,-3.0517,17.4587,4.7609,5.1661,,,59.04,-51.73,56.58,,59.04,11.56,27.12,,20.09,20.09,20.09,,20.09,20.09,20.09,,38.95,q1,3.446,0.998262,0.4039,,,,,17.4587,14.4587,0.935142,,,,,,
noise-35_absolute.csv,noise,9484,2.1088,2.812173,0.609415,0.513766,0.383791,0.25237,0.631688,91.9961,8.7828,44.4373,0.618492,11.161,199,35.642028,56.731672,1.5917,-0.9635,1.9282,10.4386,4.9557,,,56.6,-3.04,34.22,,56.6,-16.43,26.73,,56.6,-1.83,34.82,,56.6,21.3,44.73,,0.0,q1,0.194,0.999995,0.1493,,,,,1.9282,1.0718,0.974274,,,,,,
noise-36_absolute.csv,noise,12720,9.827,3.683858,0.164523,0.099378,0.1829,0.11471,0.380605,28.9059,9.0067,50.5061,0.668587,6.7186,273,27.176075,68.312876,2.5137,2.1159,5.477,15.3302,6.8396,,,44.74,44.74,44.74,,44.74,24.04,42.27,,34.39,-34.39,34.39,,34.39,-34.39,34.39,,10.35,q1,0.902,0.999881,0.1798,,,,,5.477,2.477,0.935006,,,,,,
noise-37_absolute.csv,noise,9445,1.9058,3.342025,0.539728,0.330626,0.333132,0.282659,0.47034,76.9086,9.7289,80.7751,0.723512,4.2292,343,14.430434,80.229811,5.5598,2.0735,29.5705,7.8348,3.0704,,,77.91,-3.65,19.36,,1.22,1.22,1.22,,1.22,1.22,1.22,,1.22,1.22,1.22,,76.69,q1,0.175,0.999996,0.2111,,,,,29.5705,26.5705,0.818561,,,,,,
noise-38_absolute.csv,noise,13583,37.3261,2.12489,0.226445,0.129439,0.127485,0.111886,0.433479,31.1131,10.3101,76.651,0.681647,4.1916,784,49.941821,301.169836,6.0304,-3.6292,16.9991,6.8468,0.6626,,,15.22,-15.22,15.22,,15.22,-15.22,15.22,,15.22,-15.22,15.22,,63.91,45.65,56.53,,48.69,q4,3.423,0.998286,0.7939,,,,,16.9991,13.9991,0.987518,,,,,,
noise-39_absolute.csv,noise,11448,2.0964,6.280452,0.307792,0.119777,0.226009,0.105313,0.174449,41.3827,8.6708,47.4714,0.647319,9.9594,153,23.628067,71.293154,3.0173,-2.6859,8.214,7.5996,3.5814,,,0.0,0.0,0.0,,0.0,0.0,0.0,,0.0,0.0,0.0,,0.0,0.0,0.0,,0.0,q1,0.192,0.999995,0.1876,,,,,8.214,5.214,0.957372,,,,,,
noise-3_absolute.csv,noise,9398,2.3409,5.086051,0.516498,0.590859,0.358509,0.411074,1.310646,95.5717,9.8244,87.7435,0.724548,4.5237,605,39.152425,45.235996,1.1554,0.2899,1.084,44.1583,19.2594,,,54.78,14.61,42.17,,54.78,-9.74,32.21,,54.78,0.0,36.52,,54.78,-4.87,34.43,,0.0,q1,0.215,0.999993,0.119,,,,,1.084,1.916,0.909818,,,,,,
noise-40_absolute.csv,noise,15552,1.9933,5.494418,0.45201,0.267829,0.255871,0.406857,0.879467,71.2073,9.5619,59.0977,0.685685,6.9781,299,35.006628,174.900057,4.9962,0.8866,3.2093,14.4033,5.9156,,,0.0,0.0,0.0,,0.0,0.0,0.0,,0.0,0.0,0.0,,0.0,0.0,0.0,,0.0,q1,0.183,0.999995,0.4603,,,,,3.2093,0.2093,0.957623,,,,,,
noise-41_absolute.csv,noise,7270,1.9257,7.298291,0.584183,0.505571,0.597166,0.463447,0.674022,108.0862,8.858,55.908,0.649072,6.5735,232,39.538101,40.921938,1.035,0.0688,1.0047,16.7813,8.2531,,,0.0,0.0,0.0,,0.0,0.0,0.0,,0.0,0.0,0.0,,0.0,0.0,0.0,,0.0,q1,0.177,0.999995,0.1077,,,,,1.0047,1.9953,0.966393,,,,,,
noise-42_absolute.csv,noise,10497,38.773,5.418113,0.157464,0.098828,0.058525,0.075052,0.545701,20.8854,9.7343,71.7611,0.675717,7.2712,504,123.414536,495.004534,4.0109,-1.3164,3.2429,4.8585,8.1928,,,0.0,0.0,0.0,,0.0,0.0,0.0,,0.0,0.0,0.0,,0.0,0.0,0.0,,0.0,q1,3.555,0.99815,1.3051,,,,,3.2429,0.2429,0.993733,,,,,,
noise-43_absolute.csv,noise,11018,7.1701,1.405709,0.410203,0.307789,0.191835,0.554952,1.963776,77.9598,10.7112,105.1971,0.723569,1.6922,732,9.622215,158.427532,16.4648,-0.9029,72.5525,6.3532,1.2706,,,0.0,-0.0,0.0,,0.0,-0.0,0.0,,0.0,-0.0,0.0,,0.0,-0.0,0.0,,0.0,q1,0.658,0.999937,0.4169,,,,,72.5525,69.5525,0.693145,,,,,,
noise-44_absolute.csv,noise,13232,2.7207,2.984944,0.492194,0.624753,0.635224,0.591148,1.145576,117.7089,10.605,89.7648,0.732861,2.6897,762,15.468571,80.547182,5.2072,2.1305,25.5513,10.5804,4.7612,,,74.56,-11.26,33.59,,74.56,2.13,13.83,,4.56,4.56,4.56,,4.56,4.56,4.56,,69.99,q1,0.25,0.999991,0.212,,,,,25.5513,22.5513,0.794352,,,,,,
noise-45_absolute.csv,noise,11172,2.0587,6.327302,0.432553,0.36682,0.358644,0.395872,0.92254,77.9101,9.6861,71.7642,0.688611,5.5986,383,82.993476,201.740705,2.4308,-0.7441,2.9713,15.5747,7.9663,,,12.78,12.78,12.78,,66.34,-18.87,43.11,,66.34,-0.61,29.67,,66.34,6.7,22.12,,53.56,q2,0.189,0.999995,0.5309,,,,,2.9713,0.0287,0.988891,,,,,,
noise-46_absolute.csv,noise,9580,2.2965,10.143288,0.270916,0.229607,0.149087,0.157161,0.809635,41.5982,9.1537,63.8564,0.668222,6.169,222,39.934517,119.355003,2.9888,-0.046,1.1496,20.2505,10.0209,,,0.0,0.0,0.0,,0.0,0.0,0.0,,0.0,0.0,0.0,,0.0,0.0,0.0,,0.0,q1,0.211,0.999993,0.3141,,,,,1.1496,1.8504,0.957378,,,,,,
noise-47_absolute.csv,noise,13340,2.1739,3.39009,0.597072,0.417994,0.734188,0.324492,0.312682,108.4224,10.1168,69.0614,0.688041,5.2508,746,36.815988,145.786264,3.9599,-0.7905,4.5864,12.1439,2.9235,,,0.0,-0.0,0.0,,0.0,-0.0,0.0,,0.0,-0.0,0.0,,0.0,-0.0,0.0,,0.0,q1,0.2,0.999994,0.3837,,,,,4.5864,1.5864,0.954783,,,,,,
noise-48_absolute.csv,noise,8299,9.7602,4.161115,0.372708,0.342551,0.438412,0.215698,0.494892,70.355,9.4549,73.317,0.698518,4.6474,506,36.214478,55.488817,1.5322,0.8796,1.7737,27.5937,12.5316,,,14.3,-14.3,14.3,,64.82,-7.0,23.95,,64.82,7.61,36.21,,64.82,13.69,40.24,,50.52,q2,0.896,0.999882,0.146,,,,,1.7737,1.2263,0.934128,,,,,,
noise-49_absolute.csv,noise,8480,37.5,8.057649,0.138134,0.079789,0.097242,0.053232,0.322382,19.426,9.1226,71.9716,0.674015,5.4287,314,39.534173,41.045578,1.0382,0.0751,1.0056,37.3821,16.9811,,,47.78,13.09,35.81,,47.78,-0.3,38.76,,47.78,4.56,37.72,,47.78,-17.35,42.22,,0.0,q1,3.439,0.99827,0.1082,,,,,1.0056,1.9944,0.925122,,,,,,
noise-4_absolute.csv,noise,7794,37.593,7.935249,0.17167,0.181374,0.11906,0.049229,0.809242,28.1008,8.464,70.4481,0.658106,5.3477,237,23.772052,71.184303,2.9945,-2.6605,8.0783,20.272,10.0077,,,0.0,0.0,0.0,,0.0,0.0,0.0,,0.0,0.0,0.0,,0.0,0.0,0.0,,0.0,q1,3.447,0.998261,0.1877,,,,,8.0783,5.0783,0.887709,,,,,,
noise-50_absolute.csv,noise,12108,2.1473,7.819315,0.164701,0.191149,0.257117,0.374453,1.895772,51.9604,9.4566,65.0331,0.668537,6.9113,317,36.243751,55.422089,1.5291,-0.8752,1.766,29.815,14.1229,,,73.65,-3.04,14.0,,73.65,5.48,27.87,,73.65,3.04,24.72,,5.48,-5.48,5.48,,68.17,q1,0.197,0.999994,0.1458,,,,,1.766,1.234,0.928943,,,,,,
noise-5_absolute.csv,noise,8498,1.8828,5.266716,0.756808,0.292618,0.27642,0.217168,0.204551,88.4281,9.1659,76.0824,0.687358,5.7453,422,39.067064,45.800301,1.1724,-0.3194,1.102,17.8866,8.5903,,,0.0,0.0,0.0,,0.0,0.0,0.0,,0.0,0.0,0.0,,0.0,0.0,0.0,,0.0,q1,0.173,0.999996,0.1205,,,,,1.102,1.898,0.963309,,,,,,
noise-6_absolute.csv,noise,8448,1.8939,2.9502,0.585571,0.211643,0.172273,0.130828,0.166167,65.9151,9.5813,78.9943,0.67375,4.2813,196,9.812802,77.886703,7.9373,-7.8113,62.0159,5.2083,0.0,,,0.0,0.0,0.0,,0.0,0.0,0.0,,0.0,0.0,0.0,,0.0,0.0,0.0,,0.0,q1,0.174,0.999996,0.205,,,,,62.0159,59.0159,0.830688,,,,,,
noise-7_absolute.csv,noise,6854,2.4803,13.931375,0.350039,0.409,0.389656,0.308827,0.95734,73.2812,8.4588,61.6715,0.685696,5.2921,155,35.660342,56.693604,1.5898,0.9608,1.9232,48.0012,21.0096,,,54.17,17.65,28.92,,24.95,24.95,24.95,,54.17,-11.56,41.11,,54.17,-31.04,47.53,,29.22,q1,0.228,0.999992,0.1492,,,,,1.9232,1.0768,0.881816,,,,,,
noise-8_absolute.csv,noise,8980,1.8931,2.427328,0.522433,0.405239,0.506623,0.323458,0.507633,89.3558,9.4933,82.173,0.719878,3.9437,360,36.331777,55.219387,1.5199,0.8619,1.7429,12.6949,5.4566,,,0.0,0.0,0.0,,0.0,0.0,0.0,,0.0,0.0,0.0,,0.0,0.0,0.0,,0.0,q1,0.174,0.999996,0.1453,,,,,1.7429,1.2571,0.969893,,,,,,
noise-9_absolute.csv,noise,684,0.0,0.0,0.0,0.0,0.0,0.0,0.0,0.0,-0.0,0.0,1.0,0.0,0,,,,,,,,,,0.0,-0.0,0.0,,0.0,-0.0,0.0,,0.0,-0.0,0.0,,0.0,-0.0,0.0,,0.0,q1,,,,,,,,,,,,,,,,
ramp-100Hz-10_absolute.csv,ramp,8743,99.9657,210.968944,0.042522,0.202524,0.022783,0.02758,17.951393,21.0009,1.7315,110.2079,0.445395,1.4924,2,163.048822,291.62628,1.7886,-0.1064,1.9905,199.9314,99.9657,,,237.37,-7.3,150.13,,237.37,7.3,150.13,,237.37,-7.3,150.13,,237.37,7.3,150.13,,0.0,q1,9.104,0.987895,0.7768,,,,,,,,0.647,0.6477,0.0047,,,
ramp-100Hz-1_absolute.csv,ramp,9012,99.9778,222.531958,0.056315,0.222554,0.024738,0.020757,13.205644,23.1829,1.7444,111.9036,0.509863,2.0671,3,166.383782,288.145308,1.7318,0.1054,2.0499,199.9556,99.9778,,,300.37,4.56,166.19,,300.37,-7.61,167.95,,300.37,10.65,169.34,,300.37,-7.61,167.95,,0.0,q1,9.105,0.987892,0.7676,,,,,,,,0.6495,0.6694,0.0403,,,
ramp-100Hz-2_absolute.csv,ramp,9906,100.0404,209.69138,0.077798,0.167782,0.035805,0.0,3.838103,18.8376,1.6362,107.2823,0.514413,0.6484,3,167.890178,291.902029,1.7386,-0.0856,1.9015,199.9798,99.9394,,,277.24,-11.26,172.29,,277.24,10.65,170.64,,277.24,-10.04,170.6,,277.24,10.65,170.64,,0.0,q1,9.111,0.987877,0.7776,,,,,,,,0.6612,0.6627,0.0026,,,
ramp-100Hz-3_absolute.csv,ramp,11996,100.0333,204.663906,0.009904,0.239853,0.009078,0.0,318.722697,24.0229,1.628,111.9333,0.303285,0.621,2,164.371807,289.676687,1.7623,-0.0351,2.018,199.9833,99.95,,,245.28,-6.7,164.65,,245.28,6.7,163.12,,245.28,-6.7,164.65,,245.28,6.7,163.12,,0.0,q1,9.11,0.987879,0.7717,,,,,,,,0.6497,0.6546,0.0139,,,
ramp-100Hz-4_absolute.csv,ramp,9181,99.9891,237.869129,0.030257,0.151415,0.033374,0.020599,11.506638,15.9312,1.5606,106.9579,0.408681,2.8891,2,171.311266,279.506046,1.6316,-0.0047,1.9305,199.9782,99.9891,,,285.76,11.26,168.1,,285.76,-10.65,170.38,,285.76,10.04,169.3,,285.76,-10.65,170.38,,0.0,q1,9.106,0.987889,0.7446,,,,,,,,0.6497,0.6498,0.0007,,,
ramp-100Hz-5_absolute.csv,ramp,9262,99.9784,221.556313,0.041989,0.218173,0.007858,0.039796,26.952072,22.5849,1.7157,111.8948,0.424073,2.1405,2,166.336618,282.6999,1.6996,-0.062,2.0469,200.0648,99.9784,,,297.32,0.91,168.72,,297.32,-6.39,172.42,,297.32,8.22,171.24,,297.32,-2.74,173.66,,0.0,q1,9.105,0.987892,0.7531,,,,,,,,0.6577,0.6507,0.017,,,
ramp-100Hz-6_absolute.csv,ramp,9746,100.041,209.277913,0.048724,0.202856,0.026114,0.0,13.465665,21.0253,1.7015,109.9751,0.469991,0.6325,2,167.538916,277.38003,1.6556,0.0111,1.9552,199.9795,99.9384,,,277.24,0.3,167.77,,277.24,0.3,166.62,,277.24,1.52,167.2,,277.24,-2.13,167.2,,0.0,q1,9.111,0.987877,0.7389,,,,,,,,0.6534,0.6541,0.0018,,,
ramp-100Hz-7_absolute.csv,ramp,9675,99.9483,194.61977,0.060369,0.168694,0.033304,0.064699,6.86724,19.3383,1.6872,109.5439,0.488828,0.9508,3,166.111984,283.300201,1.7055,-0.0277,1.9872,200.0,99.9483,,,276.63,-21.0,167.74,,277.24,-16.13,169.46,,277.24,14.3,170.65,,277.24,22.82,167.24,,0.61,q2,9.102,0.987899,0.7547,,,,,,,,0.658,0.6592,0.0024,,,
ramp-100Hz-8_absolute.csv,ramp,10376,100.0386,202.987263,0.008069,0.237078,0.012111,0.0,265.385394,23.7524,1.6495,111.3824,0.408915,0.6589,2,162.820795,280.273542,1.7214,-0.0185,2.1088,199.9807,100.0386,,,265.67,3.35,154.46,,265.67,-10.04,153.48,,265.67,11.87,150.67,,265.67,-5.17,151.32,,0.0,q1,9.111,0.987878,0.7466,,,,,,,,0.6482,0.6516,0.0125,,,
ramp-100Hz-9_absolute.csv,ramp,9996,100.04,211.759423,0.011199,0.18126,0.022702,0.0,51.270452,18.3019,1.7285,106.7116,0.478593,0.7042,2,257.821495,740.36624,2.8716,0.7664,3.1895,167.8671,100.04,,,284.85,9.74,170.55,,284.85,-9.74,170.32,,284.85,9.74,170.55,,284.85,-9.74,170.32,,0.0,q1,9.111,0.987877,1.9722,,,,,,,,0.6469,0.647,0.0008,,,
ramp-1Hz-10_absolute.csv,ramp,10694,2.9923,21.252476,0.030667,0.074613,0.089173,0.571273,37.326722,58.3792,6.4067,30.1339,0.618309,374.0994,40,159.774907,314.03899,1.9655,-0.0263,1.7771,2.1507,1.6832,,,157.94,101.95,108.11,,78.82,28.91,47.89,,79.43,-44.13,59.11,,158.55,-86.73,89.71,,79.73,q4,0.275,0.999989,0.8264,,,,,,,,1.0,1.0,0.0,,,
ramp-1Hz-1_absolute.csv,ramp,10081,2.9759,23.792412,0.024297,0.167446,0.181119,0.277757,3.149842,37.2266,6.2072,25.7747,0.588475,136.8128,37,163.756538,293.498413,1.7923,0.0254,1.8464,2.3807,1.2896,,,71.82,-32.87,51.43,,86.43,42.61,57.98,,86.43,28.0,44.64,,71.82,-37.74,54.4,,14.61,q2,0.273,0.999989,0.7724,,,,,,,,1.0,1.0,0.0,,,
ramp-1Hz-2_absolute.csv,ramp,9118,2.9612,23.640539,0.014759,0.234879,0.127388,0.395677,12.874573,47.7676,5.8463,25.4925,0.602408,145.9026,34,162.370637,284.804228,1.754,-0.0245,1.8679,2.4128,1.8644,,,154.6,85.21,89.09,,75.47,10.96,32.6,,82.78,-63.3,71.89,,82.78,-32.87,50.38,,79.12,q1,0.272,0.999989,0.7495,,,,,,,,1.0,1.0,0.0,,,
ramp-1Hz-3_absolute.csv,ramp,9470,2.9567,23.32464,0.029418,0.249406,0.085913,0.484533,36.012572,55.2469,6.0211,23.4772,0.574284,301.0225,38,163.287403,277.376322,1.6987,-0.0227,1.8794,2.0063,1.2672,,,108.34,108.34,108.34,,108.34,36.52,43.11,,49.91,-36.52,47.05,,129.03,-108.34,113.78,,79.12,q4,0.271,0.999989,0.7299,,,,,,,,1.0,1.0,0.0,,,
ramp-1Hz-4_absolute.csv,ramp,9002,2.9993,25.399428,0.047582,0.19931,0.143894,0.380734,8.040368,45.5689,6.0677,25.2251,0.590846,114.8645,41,164.115024,286.250463,1.7442,0.0029,1.8594,2.2217,1.333,,,93.43,93.43,93.43,,93.43,35.0,49.34,,64.82,-29.52,49.18,,143.94,-98.9,106.38,,79.12,q4,0.275,0.999989,0.7533,,,,,,,,1.0,1.0,0.0,,,
ramp-1Hz-5_absolute.csv,ramp,9266,3.0218,22.366486,0.025027,0.064025,0.192162,0.319997,2.835966,37.9539,6.5065,28.0252,0.584823,201.7169,37,161.412078,332.993229,2.063,-0.0137,1.8568,2.2664,1.0792,,,116.86,113.21,114.42,,37.74,37.74,37.74,,41.39,-37.74,41.23,,120.51,-113.21,115.5,,82.78,q4,0.277,0.999989,0.8763,,,,,,,,1.0,1.0,0.0,,,
ramp-1Hz-6_absolute.csv,ramp,9286,3.0153,25.02857,0.020936,0.145833,0.148345,0.206357,2.844814,29.376,5.8095,26.2572,0.601414,208.5656,36,164.879207,284.508469,1.7256,0.0311,1.848,2.3692,1.6153,,,120.51,-116.86,118.03,,41.39,-38.95,41.28,,116.86,38.95,40.15,,116.86,116.86,116.86,,79.12,q1,0.277,0.999989,0.7487,,,,,,,,1.0,1.0,0.0,,,
ramp-1Hz-7_absolute.csv,ramp,9766,2.9695,20.523248,0.023419,0.089535,0.074735,0.496275,41.46032,51.0332,6.4055,28.7251,0.594916,419.5327,43,158.582964,328.69714,2.0727,0.0408,1.8096,2.2527,0.9216,,,119.29,-110.77,113.46,,40.17,-38.95,40.15,,38.95,38.95,38.95,,118.08,110.77,113.12,,80.34,q1,0.273,0.999989,0.865,,,,,,,,1.0,1.0,0.0,,,
ramp-1Hz-8_absolute.csv,ramp,10134,2.9603,20.445983,0.041182,0.047732,0.181588,0.475053,6.574931,51.2469,6.2575,27.713,0.591428,158.8184,48,161.302112,303.651665,1.8825,0.017,1.8101,2.0722,1.1841,,,107.12,107.12,107.12,,107.12,35.3,42.08,,51.13,-36.52,47.71,,130.25,-105.9,112.02,,79.12,q4,0.272,0.999989,0.7991,,,,,,,,1.0,1.0,0.0,,,
ramp-1Hz-9_absolute.csv,ramp,9129,2.9576,21.695802,0.054447,0.074078,0.238802,0.250963,1.141344,35.8415,6.233,27.1814,0.59009,150.8308,50,161.245971,299.082811,1.8548,0.0336,1.8039,2.629,1.0954,,,91.6,91.6,91.6,,91.6,34.39,49.36,,66.65,-30.13,49.63,,145.77,-95.86,103.19,,79.12,q4,0.272,0.999989,0.7871,,,,,,,,1.0,1.0,0.0,,,
ramp-200Hz-10_absolute.csv,ramp,9946,199.9799,92.765925,0.494116,0.0,0.0,0.0,0.0,49.4116,2.3736,247.0788,0.539466,0.0024,2,79.266941,134.994486,1.703,-0.5804,2.2598,399.9598,199.9799,,,126.6,-0.0,80.69,,126.6,-0.0,80.69,,126.6,-0.0,80.69,,126.6,-0.0,80.69,,0.0,q1,17.799,0.954037,0.3724,,,,,,,,0.6672,0.6604,0.1036,,,
ramp-200Hz-1_absolute.csv,ramp,9524,200.021,100.440082,0.27039,0.0,0.0,0.0,0.0,27.039,2.0139,218.2005,0.536676,0.0029,2,78.238729,127.525387,1.63,-0.4044,2.1071,399.937,199.916,,,120.51,6.09,80.92,,120.51,6.09,80.92,,120.51,-2.43,72.32,,120.51,-9.74,64.04,,0.0,q1,17.802,0.954019,0.3518,,,,,,,,0.6765,0.7502,0.1762,,,
ramp-200Hz-2_absolute.csv,ramp,9337,199.9572,82.477456,0.675166,0.0,0.0,0.0,0.0,67.5166,2.3113,251.3416,0.488424,0.0014,2,77.663911,183.755287,2.366,0.4645,2.2153,399.9143,199.9572,,,156.42,5.48,64.92,,80.95,-1.83,50.08,,80.95,-1.83,50.08,,80.95,-1.83,50.08,,75.47,q1,17.797,0.954047,0.5069,,,,,,,,0.6511,0.6606,0.0211,,,
ramp-200Hz-3_absolute.csv,ramp,8982,199.9555,72.415632,0.545984,0.0,0.0,0.0,0.0,54.5984,2.121,242.4979,0.446733,0.0023,2,66.858544,123.715839,1.8504,0.6262,2.1954,400.0223,199.9555,,,110.77,0.0,63.3,,110.77,0.0,63.3,,110.77,0.0,63.3,,110.77,0.0,63.3,,0.0,q1,17.797,0.954047,0.3412,,,,,,,,0.9236,0.8101,0.2968,,,
ramp-200Hz-4_absolute.csv,ramp,8480,200.0,94.15525,0.491736,0.0,0.0,0.0,0.0,49.1736,2.6412,244.959,0.567607,0.005,2,78.461733,128.380358,1.6362,-0.2617,2.037,400.0,200.0,,,126.6,-0.0,80.69,,126.6,-0.0,80.69,,126.6,-0.0,80.69,,126.6,-0.0,80.69,,0.0,q1,17.801,0.954028,0.3541,,,,,,,,0.6621,0.6546,0.0835,,,
ramp-200Hz-5_absolute.csv,ramp,9413,200.0425,72.729811,0.526895,0.0,0.0,0.0,0.0,52.6895,2.3851,238.75,0.582134,0.0036,2,68.141484,126.246088,1.8527,-0.4062,2.1354,399.9788,199.2988,,,126.6,0.0,80.69,,126.6,0.0,80.69,,126.6,0.0,80.69,,126.6,0.0,80.69,,0.0,q1,17.804,0.95401,0.3482,,,,,,,,0.6715,0.7054,0.1492,,,
ramp-200Hz-6_absolute.csv,ramp,11440,200.0,94.32301,0.444232,0.0,0.0,0.0,0.0,44.4232,2.4711,238.2938,0.538931,0.0033,2,76.203391,129.171164,1.6951,-0.5486,2.2805,400.0,199.9126,,,111.38,-0.61,63.3,,111.38,-0.61,63.3,,111.38,-0.61,63.3,,125.99,1.83,66.54,,14.61,q4,17.801,0.954028,0.3563,,,,,,,,0.6851,0.6757,0.1435,,,
ramp-200Hz-7_absolute.csv,ramp,9940,200.0,95.730283,0.583996,0.0,0.0,0.0,0.0,58.3996,2.4725,252.5293,0.529163,0.0023,2,80.533569,132.05031,1.6397,0.4418,2.0828,400.0,200.0,,,126.6,0.0,80.69,,126.6,0.0,80.69,,126.6,0.0,80.69,,126.6,0.0,80.69,,0.0,q1,17.801,0.954028,0.3642,,,,,,,,0.6667,0.6663,0.0006,,,
ramp-200Hz-8_absolute.csv,ramp,10500,200.0,101.538663,0.490191,0.0,0.0,0.0,0.0,49.0191,2.4222,239.5514,0.502058,0.0039,2,82.137275,149.513414,1.8203,0.8297,2.5429,400.0,200.0,,,150.03,17.35,73.01,,150.03,-0.91,82.96,,150.03,-8.22,87.06,,150.03,-8.22,87.06,,0.0,q1,17.801,0.954028,0.4124,,,,,,,,0.6594,0.6655,0.0101,,,
ramp-200Hz-9_absolute.csv,ramp,8854,200.0226,95.887943,0.517768,0.0,0.0,0.0,0.0,51.7768,2.0887,248.5356,0.391343,0.0002,2,80.412594,129.079178,1.6052,-0.3586,2.0185,400.0452,199.9096,,,137.86,-1.52,79.15,,137.86,3.35,77.96,,137.86,-1.52,79.15,,137.86,-0.3,78.85,,0.0,q1,17.802,0.954019,0.3561,,,,,,,,0.6667,0.6667,0.0,,,
ramp-300Hz-10_absolute.csv,ramp,11188,299.9642,352.713366,0.0,0.0,0.0,0.0,0.0,0.0,1.322,299.7585,0.339407,0.0006,1,284.71625,445.726467,1.5655,-0.0081,1.547,599.9285,112.3525,,,411.44,6.09,287.04,,411.44,-6.09,287.04,,411.44,6.09,287.04,,411.44,-6.09,287.04,,0.0,q1,25.769,0.904611,1.2966,,,,,,,,0.5402,0.5363,0.0074,,,
ramp-300Hz-1_absolute.csv,ramp,9954,299.9799,385.053549,0.0,0.0,0.0,0.0,0.0,0.0,1.3101,299.8838,0.36224,0.0004,1,280.424421,436.476881,1.5565,0.0155,1.4979,599.9598,107.6954,,,449.18,-6.09,286.13,,421.18,2.43,283.68,,421.18,1.22,282.72,,421.18,2.43,283.68,,28.0,q1,25.77,0.904603,1.2698,,,,,,,,0.5139,0.5008,0.0001,,,
ramp-300Hz-2_absolute.csv,ramp,9526,300.021,394.435988,0.0,0.0,0.0,0.0,0.0,0.0,1.3461,299.8089,0.408266,0.0013,1,285.563485,452.184345,1.5835,-0.0449,1.5466,599.937,108.1251,,,411.44,3.65,280.38,,411.44,-3.65,280.45,,411.44,3.65,280.38,,411.44,-3.65,280.45,,0.0,q1,25.773,0.90458,1.3155,,,,,,,,0.5516,0.5555,0.0001,,,
ramp-300Hz-3_absolute.csv,ramp,10151,299.9704,377.276779,0.0,0.0,0.0,0.0,0.0,0.0,1.2936,299.9329,0.299317,0.0005,1,285.968985,459.099237,1.6054,0.026,1.5219,599.9409,108.7578,,,427.27,-4.87,282.81,,427.27,4.87,284.24,,427.27,-4.87,282.81,,427.27,4.87,284.24,,0.0,q1,25.769,0.904608,1.3356,,,,,,,,0.6382,0.6233,0.0042,,,
ramp-300Hz-4_absolute.csv,ramp,8886,300.0225,392.333309,0.0,0.0,0.0,0.0,0.0,0.0,1.347,300.0605,0.360916,0.0007,1,283.80887,448.404119,1.58,0.0401,1.553,599.9325,102.8584,,,425.44,0.61,279.55,,425.44,-3.04,281.83,,425.44,1.83,278.91,,425.44,0.61,279.9,,0.0,q1,25.773,0.904579,1.3045,,,,,,,,0.5376,0.5683,0.0002,,,
ramp-300Hz-5_absolute.csv,ramp,9891,299.9697,356.805758,0.0,0.0,0.0,0.0,0.0,0.0,1.3132,299.9331,0.376728,0.001,1,274.646615,424.89772,1.5471,0.0227,1.4645,600.0404,112.1221,,,431.23,-7.61,284.35,,431.23,-0.3,282.75,,360.01,0.91,272.36,,360.01,7.0,272.45,,71.21,q1,25.769,0.904608,1.2361,,,,,,,,0.5687,0.5824,0.002,,,
ramp-300Hz-6_absolute.csv,ramp,8082,300.0495,368.770714,0.0,0.0,0.0,0.0,0.0,0.0,1.3084,299.9672,0.353373,0.0005,1,285.676136,411.65547,1.441,-0.0219,1.5195,599.8515,113.8332,,,410.53,-7.61,277.94,,410.53,7.0,281.98,,410.53,-10.04,277.72,,410.53,10.65,282.3,,0.0,q1,25.775,0.904565,1.1976,,,,,,,,0.5975,0.6195,0.0022,,,
ramp-300Hz-7_absolute.csv,ramp,11448,299.9651,356.431229,0.0,0.0,0.0,0.0,0.0,0.0,1.3522,299.3467,0.426838,0.002,1,286.822031,443.295982,1.5455,0.0097,1.554,599.9301,110.4123,,,427.27,-7.3,282.88,,427.27,7.3,284.17,,427.27,-7.3,282.88,,427.27,7.3,284.17,,0.0,q1,25.769,0.904611,1.2896,,,,,,,,0.5355,0.564,0.0001,,,
ramp-300Hz-8_absolute.csv,ramp,10230,300.0,385.710548,0.0,0.0,0.0,0.0,0.0,0.0,1.3505,299.8625,0.439815,0.0009,1,275.684398,442.931173,1.6067,-0.0159,1.4685,600.0,109.5797,,,418.75,4.87,283.05,,418.75,-0.0,282.99,,418.75,-0.0,284.35,,418.75,-4.87,284.29,,0.0,q1,25.772,0.904592,1.2885,,,,,,,,0.6085,0.5939,0.0012,,,
ramp-300Hz-9_absolute.csv,ramp,12226,300.0164,388.093282,0.0,0.0,0.0,0.0,0.0,0.0,1.3014,299.6729,0.372864,0.0009,1,281.903238,407.313784,1.4449,-0.0258,1.5105,599.9509,106.9851,,,418.44,5.17,290.0,,418.44,-7.0,286.95,,418.44,8.83,288.21,,418.44,-7.0,286.95,,0.0,q1,25.773,0.904583,1.1849,,,,,,,,0.5461,0.5438,0.0,,,
ramp-400Hz-10_absolute.csv,ramp,10208,399.9804,84.105812,0.0,0.0,0.0,0.0,0.0,0.0,1.8239,390.7554,0.500767,0.003,2,66.132903,86.464363,1.3074,-0.1755,1.4529,799.9608,192.2022,,,79.12,0.0,70.77,,79.12,0.0,70.77,,79.12,0.0,70.77,,79.12,0.0,70.77,,0.0,q1,32.861,0.846745,0.2687,,,,,,,,0.7461,0.6529,0.0989,,,
ramp-400Hz-1_absolute.csv,ramp,9471,399.9578,82.992858,0.0,0.0,0.0,0.0,0.0,0.0,2.3414,385.869,0.561276,0.0094,5,75.04626,120.269148,1.6026,-0.12,2.0724,799.0708,196.389,,,80.04,-0.91,70.78,,80.04,2.74,68.66,,80.04,-0.91,70.78,,80.04,-0.91,70.78,,0.0,q1,32.859,0.846758,0.3738,,,,,,,,0.5532,0.7811,0.0499,,,
ramp-400Hz-2_absolute.csv,ramp,10089,400.0396,77.599328,0.0,0.0,0.0,0.0,0.0,0.0,1.4731,394.8521,0.498727,0.0007,2,63.940962,140.398241,2.1957,0.0723,2.1474,799.8811,199.326,,,94.95,0.0,59.21,,94.95,0.0,59.21,,94.95,0.0,59.21,,94.95,0.0,59.21,,0.0,q1,32.865,0.846709,0.4364,,,,,,,,0.6932,0.5964,0.0095,,,
ramp-400Hz-3_absolute.csv,ramp,9673,399.9793,92.978801,0.0,0.0,0.0,0.0,0.0,0.0,1.7365,390.4565,0.443204,0.0017,2,73.810718,132.497728,1.7951,0.2387,2.198,799.8553,197.9737,,,95.86,-0.91,59.22,,95.86,-0.91,59.22,,95.86,-0.91,59.22,,141.51,2.74,65.2,,45.65,q4,32.861,0.846745,0.4118,,,,,,,,0.5133,0.7853,0.0001,,,
ramp-400Hz-4_absolute.csv,ramp,8126,399.9508,76.62502,0.0,0.0,0.0,0.0,0.0,0.0,1.5032,394.9484,0.54909,0.0012,2,61.716614,140.95484,2.2839,0.1655,2.0874,799.9016,199.8523,,,94.95,0.0,59.21,,94.95,0.0,59.21,,94.95,0.0,59.21,,94.95,0.0,59.21,,0.0,q1,32.859,0.846762,0.4381,,,,,,,,0.6652,0.6337,0.0,,,
ramp-400Hz-5_absolute.csv,ramp,9020,400.0,83.634417,0.0,0.0,0.0,0.0,0.0,0.0,1.444,395.4903,0.412267,0.0004,2,62.465472,139.914389,2.2399,-0.1537,2.1112,800.0,193.7916,,,132.08,5.48,80.88,,132.08,-0.61,73.59,,132.08,1.83,76.59,,132.08,-6.7,65.49,,0.0,q1,32.862,0.846733,0.4348,,,,,,,,0.6808,0.6146,0.0,,,
ramp-400Hz-6_absolute.csv,ramp,842,400.2375,80.749125,0.0,0.0,0.0,0.0,0.0,0.0,1.3986,395.8314,0.000226,0.0,2,59.271214,94.911211,1.6013,-0.3433,1.8436,799.2874,195.962,,,94.95,-0.0,59.21,,94.95,-0.0,59.21,,94.95,-0.0,59.21,,94.95,-0.0,59.21,,0.0,q1,32.878,0.846591,0.295,,,,,,,,0.6667,0.667,0.0005,,,
ramp-400Hz-7_absolute.csv,ramp,8330,400.0,85.480621,0.0,0.0,0.0,0.0,0.0,0.0,1.5739,394.2408,0.370352,0.0007,2,64.068565,89.249594,1.393,-0.237,1.5626,799.88,195.6783,,,79.12,0.0,70.77,,79.12,0.0,70.77,,79.12,0.0,70.77,,79.12,0.0,70.77,,0.0,q1,32.862,0.846733,0.2774,,,,,,,,0.7224,0.6529,0.0826,,,
ramp-400Hz-8_absolute.csv,ramp,10582,400.0189,84.971244,0.0,0.0,0.0,0.0,0.0,0.0,1.6915,393.6298,0.473057,0.0012,2,65.145044,150.681046,2.313,-0.1716,1.511,780.0038,193.3472,,,97.08,-2.13,59.25,,140.29,5.17,70.58,,140.29,-0.91,61.28,,97.08,-2.13,59.25,,43.21,q2,32.863,0.846722,0.4683,,,,,,,,0.6497,0.7366,0.0962,,,
ramp-400Hz-9_absolute.csv,ramp,9978,399.98,80.744574,0.0,0.0,0.0,0.0,0.0,0.0,1.397,395.8315,1e-06,0.0,2,59.205894,94.951973,1.6038,0.3436,1.8472,799.8597,199.9399,,,94.95,0.0,59.21,,94.95,0.0,59.21,,94.95,0.0,59.21,,94.95,0.0,59.21,,0.0,q1,32.861,0.846745,0.2951,,,,,,,,0.6666,0.6667,0.0,,,
pulse-100Hz-10_absolute.csv,pulse,10244,2.2452,7.003176,0.358337,0.318216,0.183149,0.125241,0.722121,52.8106,8.726,94.1481,0.771907,4.0784,109,38.976423,46.343616,1.189,0.348,1.1211,24.4045,9.0785,,,48.69,-47.47,48.46,,48.69,-13.39,41.55,,30.43,30.43,30.43,,30.43,30.43,30.43,,18.26,q1,0.206,0.999994,0.122,,,,,,,,,,,1.189,1.0,1.0008
pulse-100Hz-1_absolute.csv,pulse,10298,7.6714,2.464788,0.294795,0.219633,0.132284,0.115199,0.589152,40.7324,10.8645,168.045,0.804775,1.6195,650,31.377872,63.657249,2.0287,-1.5358,3.3587,34.2785,12.818,,,0.0,0.0,0.0,,0.0,0.0,0.0,,0.0,0.0,0.0,,0.0,0.0,0.0,,0.0,q1,0.704,0.999927,0.1675,,,,,,,,,,,2.0287,0.1955,1.0383
pulse-100Hz-2_absolute.csv,pulse,10886,1.9291,3.00923,0.416309,0.140634,0.138991,0.342444,0.71144,57.4176,10.548,155.6921,0.817897,1.8453,591,37.389218,52.492514,1.4039,0.6917,1.4784,35.0909,13.0443,,,48.69,46.26,48.23,,48.69,2.43,39.07,,30.43,-30.43,30.43,,48.69,-18.26,33.89,,18.26,q1,0.177,0.999995,0.1381,,,,,,,,,,,1.4039,1.0,0.9996
pulse-100Hz-3_absolute.csv,pulse,12641,1.9777,0.592524,0.166576,0.425904,0.299923,0.338582,2.515105,64.3221,11.0862,157.202,0.80994,1.6648,369,17.851101,74.867664,4.194,3.9556,16.6466,13.6065,4.5882,,,35.0,-35.0,35.0,,35.0,-35.0,35.0,,44.13,25.87,42.2,,44.13,44.13,44.13,,9.13,q3,0.182,0.999995,0.197,,,,,,,,,,,4.194,0.0538,1.02
pulse-100Hz-4_absolute.csv,pulse,11879,1.9362,3.190876,0.449104,0.286206,0.514874,0.635054,1.039457,97.5704,11.0594,160.4216,0.803734,1.28,770,37.559977,51.987776,1.3841,0.6616,1.4378,27.8643,10.2702,,,0.0,0.0,0.0,,0.0,0.0,0.0,,0.0,0.0,0.0,,0.0,0.0,0.0,,0.0,q1,0.178,0.999995,0.1368,,,,,,,,,,,1.3841,1.0,1.0603
pulse-100Hz-5_absolute.csv,pulse,11338,7.8497,7.052533,0.187813,0.106897,0.076486,0.0625,0.372857,23.7607,9.7181,110.9722,0.784762,2.4972,433,22.509078,72.096493,3.203,2.8908,9.3567,29.6349,10.5839,,,0.0,0.0,0.0,,0.0,0.0,0.0,,0.0,0.0,0.0,,0.0,0.0,0.0,,0.0,q1,0.721,0.999924,0.1897,,,,,,,,,,,3.203,0.0888,1.1723
pulse-100Hz-6_absolute.csv,pulse,10288,2.0412,4.646992,0.703991,0.358618,0.366141,0.30987,0.35674,92.4278,8.4899,78.0689,0.728891,4.5961,234,31.276768,63.788342,2.0395,-1.5492,3.3999,16.0381,5.6376,,,78.21,-1.52,13.75,,0.91,0.91,0.91,,78.21,-0.3,9.74,,0.91,0.91,0.91,,77.3,q1,0.187,0.999995,0.1679,,,,,,,,,,,2.0395,0.1938,0.9985
pulse-100Hz-7_absolute.csv,pulse,11062,1.9888,0.709401,0.722051,0.276205,0.247552,0.382234,0.381696,89.7236,10.7283,147.6729,0.820978,3.8216,214,15.19104,76.091223,5.009,-4.8093,24.1295,5.6048,0.0,,,0.0,0.0,0.0,,0.0,0.0,0.0,,0.0,0.0,0.0,,0.0,0.0,0.0,,0.0,q1,0.183,0.999995,0.2002,,,,,,,,,,,5.009,0.0383,1.0846
pulse-100Hz-8_absolute.csv,pulse,10567,1.9873,0.36957,0.983267,0.951557,0.907517,0.852283,0.911442,184.9932,10.9224,147.1024,0.761805,1.1476,12,3.17108,78.996708,24.9116,-24.8715,619.5898,1.7034,0.0,,,0.0,0.0,0.0,,0.0,0.0,0.0,,0.0,0.0,0.0,,0.0,0.0,0.0,,0.0,q1,0.182,0.999995,0.2079,,,,,,,,,,,24.9116,0.0016,1.0231
pulse-100Hz-9_absolute.csv,pulse,11460,8.726,3.274963,0.14447,0.137495,0.108946,0.040124,0.626579,23.0771,9.5943,97.7319,0.761961,3.8563,409,14.381402,76.417488,5.3136,5.1254,27.2701,10.6457,3.6649,,,0.0,0.0,0.0,,0.0,0.0,0.0,,0.0,0.0,0.0,,0.0,0.0,0.0,,0.0,q1,0.801,0.999906,0.2011,,,,,,,,,,,5.3136,0.0342,1.5151
pulse-1Hz-10_absolute.csv,pulse,11720,2.2184,5.637648,0.419311,0.336367,0.482757,0.197443,0.372059,74.9001,10.0228,108.8885,0.776028,3.2325,459,39.441511,42.647295,1.0813,0.1564,1.0245,23.0375,8.2765,,,0.0,0.0,0.0,,0.0,0.0,0.0,,0.0,0.0,0.0,,0.0,0.0,0.0,,0.0,q1,0.204,0.999994,0.1122,,,,,,,,,,,1.0813,1.0,1.01
pulse-1Hz-1_absolute.csv,pulse,9832,2.0342,2.249791,0.631501,0.297508,0.205999,0.202105,0.293175,75.5372,10.8644,164.3767,0.826575,1.5949,683,15.42397,75.993484,4.927,-4.724,23.3163,8.5435,0.0,,,0.0,0.0,0.0,,0.0,0.0,0.0,,0.0,0.0,0.0,,0.0,0.0,0.0,,0.0,q1,0.187,0.999995,0.2,,,,,,,,,,,4.927,0.0396,1.1085
pulse-1Hz-2_absolute.csv,pulse,10454,2.4871,5.818374,0.179087,0.466119,0.089911,0.260562,7.101268,57.0364,9.8952,128.7818,0.792729,3.0277,493,39.099399,45.594315,1.1661,0.3086,1.0952,23.6273,8.2265,,,0.0,0.0,0.0,,0.0,0.0,0.0,,0.0,0.0,0.0,,0.0,0.0,0.0,,0.0,q1,0.228,0.999992,0.12,,,,,,,,,,,1.1661,1.0,0.9998
pulse-1Hz-3_absolute.csv,pulse,14098,7.5897,2.156782,0.304801,0.232086,0.218582,0.19235,0.645872,48.1191,11.6113,169.973,0.813336,1.2841,1114,36.292389,55.310471,1.524,0.8679,1.7532,29.4368,10.4979,,,0.0,0.0,0.0,,0.0,0.0,0.0,,0.0,0.0,0.0,,0.0,0.0,0.0,,0.0,q1,0.697,0.999929,0.1456,,,,,,,,,,,1.524,0.301,1.2812
pulse-1Hz-4_absolute.csv,pulse,9271,1.9415,3.164226,0.623063,0.417892,0.284552,0.304866,0.570311,85.8344,9.8316,134.9965,0.782158,2.9325,476,39.518828,41.409735,1.0478,-0.0935,1.0087,25.6714,8.9526,,,1.22,1.22,1.22,,77.91,-2.43,16.78,,77.91,-0.0,9.74,,1.22,1.22,1.22,,76.69,q2,0.178,0.999995,0.109,,,,,,,,,,,1.0478,1.0,1.0006
pulse-1Hz-5_absolute.csv,pulse,7590,1.9763,0.0,0.307688,0.12705,0.068959,0.043212,0.181129,34.269,4.1967,2.866,0.017928,1158514.4368,0,,,,,,,,,,0.0,0.0,0.0,,0.0,0.0,0.0,,0.0,0.0,0.0,,0.0,0.0,0.0,,0.0,q1,,,,,,,,,,,,,,1.0,1.0,1.0
pulse-1Hz-6_absolute.csv,pulse,11306,2.1228,3.912684,0.270017,0.29501,0.625243,0.429671,0.585654,85.7605,10.3549,127.4726,0.784312,3.4183,586,27.376076,68.122501,2.4884,2.0865,5.3536,17.4244,6.899,,,0.0,0.0,0.0,,0.0,0.0,0.0,,0.0,0.0,0.0,,0.0,0.0,0.0,,0.0,q1,0.195,0.999994,0.1793,,,,,,,,,,,2.4884,0.139,0.9977
pulse-1Hz-7_absolute.csv,pulse,9792,8.0678,4.034835,0.153902,0.051059,0.067347,0.050433,0.182503,18.268,8.609,75.2064,0.740415,5.2562,204,22.605827,72.029343,3.1863,2.8725,9.2511,20.1185,6.7402,,,0.0,0.0,0.0,,0.0,0.0,0.0,,0.0,0.0,0.0,,0.0,0.0,0.0,,0.0,q1,0.741,0.99992,0.1896,,,,,,,,,,,3.1863,0.0897,1.0007
pulse-1Hz-8_absolute.csv,pulse,10192,1.9623,2.29197,0.184424,0.235313,0.555675,0.45495,0.765349,77.7906,10.0099,127.1698,0.797113,2.2639,379,30.013951,65.336302,2.1769,-1.7175,3.9498,21.3893,7.3587,,,66.04,-30.74,49.92,,66.04,4.56,24.95,,13.09,13.09,13.09,,13.09,13.09,13.09,,52.95,q1,0.18,0.999995,0.1719,,,,,,,,,,,2.1769,0.1743,1.0078
pulse-1Hz-9_absolute.csv,pulse,8410,1.9025,4.930549,0.511053,0.376861,0.483139,0.473815,0.741055,92.7968,9.1925,106.277,0.774685,3.0181,427,38.15102,50.033466,1.3115,-0.5489,1.3013,72.176,25.2081,,,0.0,0.0,0.0,,0.0,0.0,0.0,,0.0,0.0,0.0,,0.0,0.0,0.0,,0.0,q1,0.175,0.999996,0.1317,,,,,,,,,,,1.3115,1.0,1.0304
pulse-200Hz-10_absolute.csv,pulse,8868,2.0298,4.188723,0.445463,0.194644,0.337022,0.389603,0.607897,70.8307,10.4742,164.1071,0.80379,2.5469,395,36.798859,54.087698,1.4698,-0.7895,1.6233,29.0934,9.8106,,,24.04,-24.04,24.04,,24.04,-24.04,24.04,,55.08,-3.35,34.93,,55.08,51.43,54.04,,31.04,q3,0.186,0.999995,0.1423,,,,,,,,,,,1.4698,0.3164,1.002
pulse-200Hz-1_absolute.csv,pulse,9652,2.2793,3.554789,0.832787,0.609859,0.711636,0.250083,0.362071,127.8448,9.8729,113.2554,0.78097,2.8261,618,36.321092,55.24416,1.521,0.8635,1.7457,40.5097,15.3336,,,70.6,14.61,38.84,,70.6,2.43,27.44,,8.52,-8.52,8.52,,8.52,-8.52,8.52,,62.08,q1,0.209,0.999994,0.1454,,,,,,,,,,,1.521,0.3018,0.9997
pulse-200Hz-2_absolute.csv,pulse,7012,1.9966,0.683908,0.410246,0.063689,0.074533,0.228424,0.323448,47.9677,10.0991,156.6612,0.807035,1.9856,78,28.882011,66.598667,2.3059,-1.8722,4.5052,6.7028,2.4244,,,0.0,0.0,0.0,,0.0,0.0,0.0,,0.0,0.0,0.0,,0.0,0.0,0.0,,0.0,q1,0.183,0.999995,0.1753,,,,,,,,,,,2.3059,0.1583,0.9969
pulse-200Hz-3_absolute.csv,pulse,10417,2.3039,6.672391,0.357884,0.352912,0.32157,0.231265,0.76907,63.9937,8.7214,75.5372,0.753733,4.7992,247,39.333901,43.804176,1.1136,-0.2157,1.0465,28.6071,10.7517,,,0.0,0.0,0.0,,0.0,0.0,0.0,,0.0,0.0,0.0,,0.0,0.0,0.0,,0.0,q1,0.211,0.999993,0.1153,,,,,,,,,,,1.1136,1.0,1.0132
pulse-200Hz-4_absolute.csv,pulse,8798,1.9323,1.437656,0.901046,0.609442,0.435244,0.344803,0.489661,122.1323,10.0485,133.7337,0.78471,3.2667,312,30.227694,65.085289,2.1532,1.6887,3.8518,5.4558,2.0459,,,0.0,0.0,0.0,,0.0,0.0,0.0,,0.0,0.0,0.0,,0.0,0.0,0.0,,0.0,q1,0.177,0.999995,0.1713,,,,,,,,,,,2.1532,0.1774,1.0362
pulse-200Hz-5_absolute.csv,pulse,11276,7.5381,2.797654,0.244318,0.319209,0.135476,0.064441,1.35879,42.9059,10.6706,136.0362,0.794097,1.7091,560,39.267197,44.3827,1.1303,-0.2455,1.0603,14.2781,5.5871,,,0.0,0.0,0.0,,0.0,0.0,0.0,,0.0,0.0,0.0,,0.0,0.0,0.0,,0.0,q1,0.692,0.99993,0.1168,,,,,,,,,,,1.1303,1.0,0.9999
pulse-200Hz-6_absolute.csv,pulse,11036,2.1747,0.031509,0.963822,0.936918,0.926904,0.924768,0.969189,187.6464,12.4242,250.9787,0.999964,0.2475,580,9.630866,77.933844,8.0921,-7.9685,64.4972,2.0841,0.0,,,0.0,0.0,0.0,,0.0,0.0,0.0,,0.0,0.0,0.0,,0.0,0.0,0.0,,0.0,q1,0.2,0.999994,0.2051,,,,,,,,,,,8.0921,0.015,1.4473
pulse-200Hz-7_absolute.csv,pulse,9775,9.821,0.118903,0.748114,0.528054,0.41135,0.3653,0.56564,106.8255,11.1157,142.4475,0.796366,1.527,54,3.485011,78.970203,22.66,-22.6158,512.4756,2.046,0.0,,,0.0,0.0,0.0,,0.0,0.0,0.0,,0.0,0.0,0.0,,0.0,0.0,0.0,,0.0,q1,0.901,0.999881,0.2078,,,,,,,,,,,22.66,0.0019,2.4282
pulse-200Hz-8_absolute.csv,pulse,10178,2.4563,5.476471,0.324948,0.665751,0.415718,0.356951,2.049611,92.1439,9.7058,117.4197,0.780266,2.3121,474,32.253399,62.472044,1.9369,1.4206,3.0182,26.6261,8.7444,,,78.82,0.91,9.78,,0.3,-0.3,0.3,,0.3,-0.3,0.3,,0.3,-0.3,0.3,,78.52,q1,0.225,0.999993,0.1644,,,,,,,,,,,1.9369,0.2105,0.9986
pulse-200Hz-9_absolute.csv,pulse,9754,2.0504,5.266694,0.49805,0.444726,0.465069,0.293558,0.611525,86.5044,9.5284,101.992,0.761509,5.1222,515,38.957931,46.449051,1.1923,-0.3536,1.125,37.8306,13.6354,,,0.0,0.0,0.0,,0.0,0.0,0.0,,0.0,0.0,0.0,,0.0,0.0,0.0,,0.0,q1,0.188,0.999995,0.1222,,,,,,,,,,,1.1923,1.0,0.9998
pulse-300Hz-10_absolute.csv,pulse,9966,9.0307,8.214962,0.215971,0.048002,0.084726,0.058948,0.107373,24.4133,9.6024,117.262,0.734514,1.5357,389,37.418361,52.407938,1.4006,0.6866,1.4714,65.9241,25.4867,,,1.22,1.22,1.22,,1.22,1.22,1.22,,1.22,1.22,1.22,,77.91,-3.65,19.36,,76.69,q4,0.829,0.999899,0.1379,,,,,,,,,,,1.4006,1.0,0.9995
pulse-300Hz-1_absolute.csv,pulse,8355,1.915,0.45606,0.36878,0.231854,0.25891,0.218318,0.499519,55.1771,10.2608,157.0072,0.799202,1.8844,156,26.711942,68.7446,2.5736,-2.185,5.7742,4.6679,1.915,,,0.0,0.0,0.0,,0.0,0.0,0.0,,0.0,0.0,0.0,,0.0,0.0,0.0,,0.0,q1,0.176,0.999995,0.1809,,,,,,,,,,,2.5736,0.1312,0.9966
pulse-300Hz-2_absolute.csv,pulse,11668,2.3997,4.641674,0.461726,0.410327,0.431411,0.301037,0.648605,81.1355,10.3735,131.9597,0.790793,2.1678,733,39.51139,41.562479,1.0519,-0.1013,1.0103,56.8221,20.7405,,,29.82,29.82,29.82,,49.3,27.39,30.61,,49.3,-7.91,40.3,,49.3,-49.3,49.3,,19.48,q2,0.22,0.999993,0.1094,,,,,,,,,,,1.0519,1.0,1.0
pulse-300Hz-3_absolute.csv,pulse,12173,7.6399,4.57524,0.135472,0.144497,0.102894,0.076887,0.925749,23.6074,10.5918,137.5374,0.791463,1.7158,718,38.684932,47.846197,1.2368,0.4283,1.1834,50.2752,18.4014,,,0.0,0.0,0.0,,0.0,0.0,0.0,,0.0,0.0,0.0,,0.0,0.0,0.0,,0.0,q1,0.701,0.999928,0.1259,,,,,,,,,,,1.2368,1.0,1.0152
pulse-300Hz-4_absolute.csv,pulse,12220,2.455,5.337745,0.32598,0.257735,0.189508,0.121683,0.571362,47.2663,10.6167,155.6258,0.807882,1.6357,545,36.794678,54.098284,1.4703,-0.7901,1.6243,22.2586,7.9378,,,0.0,0.0,0.0,,0.0,0.0,0.0,,0.0,0.0,0.0,,0.0,0.0,0.0,,0.0,q1,0.225,0.999993,0.1424,,,,,,,,,,,1.4703,0.3163,1.0605
pulse-300Hz-5_absolute.csv,pulse,10537,492.1704,2.6e-05,0.0,0.0,0.0,0.0,0.0,0.0,12.3271,251.5425,0.994517,0.2508,30,3.267494,78.988834,24.1741,24.1328,583.3906,1.2337,0.3796,,,0.0,0.0,0.0,,0.0,0.0,0.0,,0.0,0.0,0.0,,0.0,0.0,0.0,,0.0,q1,38.593,0.791143,0.2627,,,,,,,,,,,24.1741,0.0017,11.3588
pulse-300Hz-6_absolute.csv,pulse,11122,3.6864,4.362948,0.197997,0.274672,0.113911,0.095787,1.621733,36.9863,9.9596,133.0655,0.784893,3.1026,490,29.822796,65.557243,2.1982,-1.7433,4.0391,35.0656,11.8684,,,54.17,14.0,30.7,,54.17,-29.82,47.15,,54.17,17.65,28.92,,54.17,-1.83,37.48,,0.0,q1,0.338,0.999983,0.1725,,,,,,,,,,,2.1982,0.1715,1.0129
pulse-300Hz-7_absolute.csv,pulse,11254,3.11,3.384892,0.409598,0.628186,0.488565,0.237728,1.109886,92.6066,10.1619,111.9629,0.774986,4.1571,658,37.997022,50.579176,1.3311,-0.5799,1.3363,34.4766,11.9069,,,0.0,0.0,0.0,,0.0,0.0,0.0,,0.0,0.0,0.0,,0.0,0.0,0.0,,0.0,q1,0.285,0.999988,0.1331,,,,,,,,,,,1.3311,1.0,1.1395
pulse-300Hz-8_absolute.csv,pulse,10163,1.9679,6.762158,0.421832,0.230633,0.348879,0.352549,0.592282,69.0754,10.6408,146.7979,0.798859,2.5287,559,35.184062,57.651604,1.6386,-1.0283,2.0574,37.5873,13.7755,,,0.0,0.0,0.0,,0.0,0.0,0.0,,0.0,0.0,0.0,,0.0,0.0,0.0,,0.0,q1,0.181,0.999995,0.1517,,,,,,,,,,,1.6386,0.2714,1.1126
pulse-300Hz-9_absolute.csv,pulse,12035,40.1329,2.692467,0.175312,0.098727,0.068694,0.074067,0.429661,22.5136,9.7758,72.7589,0.670221,4.8795,597,36.675122,54.397339,1.4832,0.809,1.6545,7.9767,3.656,,,0.0,0.0,0.0,,0.0,0.0,0.0,,0.0,0.0,0.0,,0.0,0.0,0.0,,0.0,q1,3.679,0.998019,0.1434,,,,,,,,,,,1.4832,0.3125,1.0917
pulse-400Hz-10_absolute.csv,pulse,9312,1.933,0.600132,0.6205,0.298299,0.151346,0.186067,0.303004,72.906,8.8093,81.4683,0.742763,8.022,64,16.251953,75.631733,4.6537,-4.4388,20.7031,4.2955,0.0,,,0.0,0.0,0.0,,0.0,0.0,0.0,,0.0,0.0,0.0,,0.0,0.0,0.0,,0.0,q1,0.177,0.999995,0.199,,,,,,,,,,,4.6537,0.0441,0.9976
pulse-400Hz-1_absolute.csv,pulse,9159,9.0621,1.61042,0.370121,0.198768,0.097742,0.105995,0.346272,44.4169,9.974,122.3337,0.790942,2.151,582,18.009255,74.787254,4.1527,-3.9119,16.303,21.6181,0.0,,,0.0,0.0,0.0,,0.0,0.0,0.0,,0.0,0.0,0.0,,0.0,0.0,0.0,,0.0,q1,0.832,0.999899,0.1968,,,,,,,,,,,4.1527,0.0548,1.0553
pulse-400Hz-2_absolute.csv,pulse,9258,2.0523,2.526636,0.414662,0.26494,0.20781,0.146905,0.4266,55.3989,8.5757,84.8609,0.735236,5.5334,221,32.443648,62.201822,1.9172,-1.3956,2.9478,17.8224,5.9408,,,0.0,0.0,0.0,,0.0,0.0,0.0,,0.0,0.0,0.0,,0.0,0.0,0.0,,0.0,q1,0.188,0.999995,0.1637,,,,,,,,,,,1.9172,0.2139,1.0332
pulse-400Hz-3_absolute.csv,pulse,9240,1.9481,7.955051,0.43564,0.280754,0.40068,0.748579,1.824564,99.4746,9.3618,97.15,0.759707,3.2407,349,39.538858,40.914986,1.0348,0.0684,1.0047,51.2987,17.0996,,,0.0,-0.0,0.0,,0.0,-0.0,0.0,,0.0,-0.0,0.0,,0.0,-0.0,0.0,,0.0,q1,0.179,0.999995,0.1077,,,,,,,,,,,1.0348,1.0,1.0031
pulse-400Hz-4_absolute.csv,pulse,11141,2.244,5.654375,0.39979,0.191555,0.415289,0.320549,0.419639,68.6835,9.7966,101.347,0.771182,3.1673,436,39.552896,40.410696,1.0217,0.0429,1.0018,21.2728,8.5271,,,0.0,0.0,0.0,,0.0,0.0,0.0,,0.0,0.0,0.0,,0.0,0.0,0.0,,0.0,q1,0.206,0.999994,0.1063,,,,,,,,,,,1.0217,1.0,1.0
pulse-400Hz-5_absolute.csv,pulse,9084,2.5319,9.333631,0.39047,0.354165,0.457224,0.166206,0.423372,71.7341,9.2364,104.4865,0.774193,2.7952,278,29.315251,66.128292,2.2558,-1.8125,4.285,26.1999,9.3571,,,0.0,0.0,0.0,,0.0,0.0,0.0,,0.0,0.0,0.0,,0.0,0.0,0.0,,0.0,q1,0.232,0.999992,0.174,,,,,,,,,,,2.2558,0.1642,1.1848
pulse-400Hz-6_absolute.csv,pulse,9708,2.3692,4.886667,0.329191,0.299253,0.476578,0.247578,0.449627,69.7381,9.7956,118.7921,0.773174,2.7111,501,34.104997,59.611965,1.7479,-1.1758,2.3825,41.6152,15.1422,,,0.0,0.0,0.0,,0.0,0.0,0.0,,0.0,0.0,0.0,,0.0,0.0,0.0,,0.0,q1,0.217,0.999993,0.1569,,,,,,,,,,,1.7479,0.2466,0.9989
pulse-400Hz-7_absolute.csv,pulse,10159,2.4609,2.791058,0.195076,0.445052,0.997094,0.22929,0.242814,113.265,10.856,167.8277,0.813469,1.2168,744,39.548741,40.586199,1.0262,-0.0518,1.0027,56.9938,21.1635,,,0.61,0.61,0.61,,0.61,0.61,0.61,,0.61,0.61,0.61,,78.52,-1.83,13.79,,77.91,q4,0.226,0.999993,0.1068,,,,,,,,,,,1.0262,1.0,1.0019
pulse-400Hz-8_absolute.csv,pulse,8422,1.8998,3.263409,0.442093,0.174312,0.280393,0.27834,0.393546,61.8,10.274,156.9767,0.803301,1.9321,394,39.358083,43.573629,1.1071,0.2039,1.0416,13.8922,5.1057,,,27.39,-27.39,27.39,,27.39,-27.39,27.39,,51.73,3.04,38.61,,51.73,51.73,51.73,,24.35,q3,0.174,0.999996,0.1147,,,,,,,,,,,1.1071,1.0,0.9999
pulse-400Hz-9_absolute.csv,pulse,10298,1.9421,0.146344,0.459352,0.417108,0.494567,0.384236,0.705916,88.1599,10.448,140.3282,0.789988,1.8577,83,8.664328,78.163568,9.0213,-8.9105,80.3963,8.3511,0.0,,,10.65,10.65,10.65,,10.65,10.65,10.65,,68.47,-13.69,39.0,,68.47,-7.61,34.19,,57.82,q3,0.178,0.999995,0.2057,,,,,,,,,,,9.0213,0.0121,1.0077
