waveform,filename,peak_abs_nm,flagged
sine,sine-1-1_absolute.csv,335.6701183319092,False
sine,sine-100Hz-10_absolute.csv,279.7951145172119,False
sine,sine-100Hz-1_absolute.csv,329.788516998291,False
sine,sine-100Hz-2_absolute.csv,495.78657722473145,False
sine,sine-100Hz-3_absolute.csv,373.90479469299316,False
sine,sine-100Hz-4_absolute.csv,290.8495903015137,False
sine,sine-100Hz-5_absolute.csv,277.039249420166,False
sine,sine-100Hz-6_absolute.csv,334.24207878112793,False
sine,sine-100Hz-7_absolute.csv,325.06360626220703,False
sine,sine-100Hz-8_absolute.csv,317.2392463684082,False
sine,sine-100Hz-9_absolute.csv,341.4752082824707,False
sine,sine-1Hz-10_absolute.csv,325.1306858062744,False
sine,sine-1Hz-2_absolute.csv,344.095947265625,False
sine,sine-1Hz-3_absolute.csv,338.85970878601074,False
sine,sine-1Hz-4_absolute.csv,284.98180389404297,False
sine,sine-1Hz-5_absolute.csv,282.86434173583984,False
sine,sine-1Hz-6_absolute.csv,337.2122802734375,False
sine,sine-1Hz-7_absolute.csv,338.55867767333984,False
sine,sine-1Hz-8_absolute.csv,318.14427947998047,False
sine,sine-1Hz-9_absolute.csv,325.8418483734131,False
sine,sine-200Hz-10_absolute.csv,132.4790153503418,False
sine,sine-200Hz-1_absolute.csv,124.71700096130371,False
sine,sine-200Hz-2_absolute.csv,130.49310302734375,False
sine,sine-200Hz-3_absolute.csv,174.5655002593994,False
sine,sine-200Hz-4_absolute.csv,310.53943252563477,False
sine,sine-200Hz-5_absolute.csv,176.5782299041748,False
sine,sine-200Hz-6_absolute.csv,183.71370697021484,False
sine,sine-200Hz-7_absolute.csv,146.67091941833496,False
sine,sine-200Hz-8_absolute.csv,144.91964721679688,False
sine,sine-200Hz-9_absolute.csv,141.42859077453613,False
sine,sine-300Hz-10_absolute.csv,565.1656455993652,False
sine,sine-300Hz-1_absolute.csv,557.5829639434814,False
sine,sine-300Hz-2_absolute.csv,573.2384757995605,False
sine,sine-300Hz-3_absolute.csv,581.0297107696533,False
sine,sine-300Hz-4_absolute.csv,590.418758392334,False
sine,sine-300Hz-5_absolute.csv,575.8492755889893,False
sine,sine-300Hz-6_absolute.csv,555.0280666351318,False
sine,sine-300Hz-7_absolute.csv,558.3744373321533,False
sine,sine-300Hz-8_absolute.csv,561.1443252563477,False
sine,sine-300Hz-9_absolute.csv,563.5668087005615,False
sine,sine-400Hz-10_absolute.csv,139.52960586547852,False
sine,sine-400Hz-1_absolute.csv,80.2963752746582,False
sine,sine-400Hz-2_absolute.csv,126.22406005859375,False
sine,sine-400Hz-3_absolute.csv,94.62861061096191,False
sine,sine-400Hz-4_absolute.csv,94.90643310546875,False
sine,sine-400Hz-5_absolute.csv,81.04439735412598,False
sine,sine-400Hz-6_absolute.csv,180.3761692047119,False
sine,sine-400Hz-7_absolute.csv,83.59562301635742,False
sine,sine-400Hz-8_absolute.csv,82.10246276855469,False
sine,sine-400Hz-9_absolute.csv,89.74664306640625,False
sine,sine_100Hz_100Hz_10_absolute.csv,218.53780376911163,False
sine,sine_100Hz_100Hz_11_absolute.csv,216.12764298915863,False
sine,sine_100Hz_100Hz_12_absolute.csv,202.41646028713356,False
sine,sine_100Hz_100Hz_13_absolute.csv,219.3280531167984,False
sine,sine_100Hz_100Hz_1_absolute.csv,212.2306810617447,False
sine,sine_100Hz_100Hz_2_absolute.csv,211.360545430122,False
sine,sine_100Hz_100Hz_3_absolute.csv,209.53123085293805,False
sine,sine_100Hz_100Hz_4_absolute.csv,158.7587422132492,False
sine,sine_100Hz_100Hz_5_absolute.csv,217.77237621561517,False
sine,sine_100Hz_100Hz_6_absolute.csv,210.50904655594832,False
sine,sine_100Hz_100Hz_7_absolute.csv,207.42304215959734,False
sine,sine_100Hz_100Hz_8_absolute.csv,166.56849151277754,False
sine,sine_100Hz_100Hz_9_absolute.csv,215.13566303253174,False
sine,sine_100Hz_absolute.csv,208.05526848487898,False
sine,sine_1Hx_absolute.csv,296.5643187761307,False
sine,sine_1Hz_1Hz_10_absolute.csv,254.46926766633987,False
sine,sine_1Hz_1Hz_11_absolute.csv,276.3825218601244,False
sine,sine_1Hz_1Hz_12_absolute.csv,292.3779766559601,False
sine,sine_1Hz_1Hz_1_absolute.csv,276.95594906806946,False
sine,sine_1Hz_1Hz_3_absolute.csv,263.2212040897448,False
sine,sine_1Hz_1Hz_4_absolute.csv,261.1342021022764,False
sine,sine_1Hz_1Hz_5_absolute.csv,263.681187227121,False
sine,sine_1Hz_1Hz_7_absolute.csv,240.88505129731433,False
sine,sine_1Hz_1Hz_8_absolute.csv,237.622251932925,False
sine,sine_1Hz_1Hz_9_absolute.csv,251.1217988729477,False
sine,sine_1Hz_1hz_2_absolute.csv,260.69925822306243,False
sine,sine_1Hz_1hz_6_absolute.csv,262.3226422274247,False
sine,sine_1Hz_absolute.csv,201.84636186393072,False
sine,sine_200H_absolute.csv,209.1759145510032,False
sine,sine_200Hz_200Hz_10_absolute.csv,216.34474384784698,False
sine,sine_200Hz_200Hz_11_absolute.csv,214.2431781606032,False
sine,sine_200Hz_200Hz_12_absolute.csv,209.06590938568115,False
sine,sine_200Hz_200Hz_1_absolute.csv,228.52201390266418,False
sine,sine_200Hz_200Hz_2_absolute.csv,198.73846314968813,False
sine,sine_200Hz_200Hz_3_absolute.csv,173.55512684583664,False
sine,sine_200Hz_200Hz_4_absolute.csv,224.31114133830215,False
sine,sine_200Hz_200Hz_5_absolute.csv,178.2227203482048,False
sine,sine_200Hz_200Hz_6_absolute.csv,219.7674165058105,False
sine,sine_200Hz_200Hz_7_absolute.csv,178.6896620825147,False
sine,sine_200Hz_200Hz_8_absolute.csv,207.38596105575562,False
sine,sine_200Hz_200Hz_9_absolute.csv,159.79688555002213,False
sine,sine_200Hz_absolute.csv,211.79857192622922,False
sine,sine_300Hz_300Hz_10_absolute.csv,249.0468665957451,False
sine,sine_300Hz_300Hz_11_absolute.csv,250.80119454860687,False
sine,sine_300Hz_300Hz_12_absolute.csv,262.63539086948794,False
sine,sine_300Hz_300Hz_13_absolute.csv,281.97248911857605,False
sine,sine_300Hz_300Hz_1_absolute.csv,238.13058423995972,False
sine,sine_300Hz_300Hz_2_absolute.csv,287.9468382518679,False
sine,sine_300Hz_300Hz_3_absolute.csv,271.29104378332875,False
sine,sine_300Hz_300Hz_4_absolute.csv,261.49517074227333,False
sine,sine_300Hz_300Hz_5_absolute.csv,249.35672738231597,False
sine,sine_300Hz_300Hz_6_absolute.csv,249.44245154662713,False
sine,sine_300Hz_300Hz_7_absolute.csv,246.77720248790598,False
sine,sine_300Hz_300Hz_8_absolute.csv,220.07646481579923,False
sine,sine_300Hz_300Hz_9_absolute.csv,266.94252490997314,False
sine,sine_300Hz_absolute.csv,256.56957761033345,False
sine,sine_400Hz_400Hz_10_absolute.csv,187.71250480413437,False
sine,sine_400Hz_400Hz_11_absolute.csv,165.68651926517487,False
sine,sine_400Hz_400Hz_12_absolute.csv,183.48520887276328,False
sine,sine_400Hz_400Hz_13_absolute.csv,205.55518877506256,False
sine,sine_400Hz_400Hz_1_absolute.csv,161.17496633529663,False
sine,sine_400Hz_400Hz_2_absolute.csv,182.1433683040675,False
sine,sine_400Hz_400Hz_3_absolute.csv,212.1990869114598,False
sine,sine_400Hz_400Hz_4_absolute.csv,193.6985490322113,False
sine,sine_400Hz_400Hz_5_absolute.csv,165.51197717842342,False
sine,sine_400Hz_400Hz_6_absolute.csv,176.21137019277785,False
sine,sine_400Hz_400Hz_7_absolute.csv,176.1375733859799,False
sine,sine_400Hz_400Hz_8_absolute.csv,135.23864688427318,False
sine,sine_400Hz_400Hz_9_absolute.csv,198.62614500522614,False
sine,sine_400Hz_absolute.csv,175.81795748394688,False
square,Square-100Hz-10_absolute.csv,527.0834522247314,False
square,Square-100Hz-1_absolute.csv,528.4077205657959,False
square,Square-100Hz-2_absolute.csv,500.51850509643555,False
square,Square-100Hz-3_absolute.csv,521.603494644165,False
square,Square-100Hz-4_absolute.csv,518.8078002929688,False
square,Square-100Hz-5_absolute.csv,522.9835109710693,False
square,Square-100Hz-6_absolute.csv,535.3777122497559,False
square,Square-100Hz-7_absolute.csv,518.01682472229,False
square,Square-100Hz-8_absolute.csv,438.4714813232422,False
square,Square-100Hz-9_absolute.csv,515.9633369445801,False
square,Square-1Hz-10_absolute.csv,329.6065139770508,False
square,Square-1Hz-1_absolute.csv,338.1253261566162,False
square,Square-1Hz-2_absolute.csv,366.4418067932129,False
square,Square-1Hz-3_absolute.csv,365.7279644012451,False
square,Square-1Hz-4_absolute.csv,361.6585102081299,False
square,Square-1Hz-5_absolute.csv,372.5043640136719,False
square,Square-1Hz-6_absolute.csv,398.8608856201172,False
square,Square-1Hz-7_absolute.csv,417.8450393676758,False
square,Square-1Hz-8_absolute.csv,367.2483711242676,False
square,Square-1Hz-9_absolute.csv,332.6681442260742,False
square,Square-200Hz-10_absolute.csv,238.1108341217041,False
square,Square-200Hz-1_absolute.csv,268.5534915924072,False
square,Square-200Hz-2_absolute.csv,198.03757858276367,False
square,Square-200Hz-3_absolute.csv,230.99333572387695,False
square,Square-200Hz-4_absolute.csv,219.06474494934082,False
square,Square-200Hz-5_absolute.csv,246.5339183807373,False
square,Square-200Hz-6_absolute.csv,236.9541778564453,False
square,Square-200Hz-7_absolute.csv,175.31652069091797,False
square,Square-200Hz-8_absolute.csv,219.37727546691895,False
square,Square-200Hz-9_absolute.csv,293.05756759643555,False
square,Square-300Hz-10_absolute.csv,492.4685802459717,False
square,Square-300Hz-1_absolute.csv,549.5553913116455,False
square,Square-300Hz-2_absolute.csv,490.236328125,False
square,Square-300Hz-3_absolute.csv,535.5941581726074,False
square,Square-300Hz-4_absolute.csv,498.4767150878906,False
square,Square-300Hz-5_absolute.csv,533.7066917419434,False
square,Square-300Hz-6_absolute.csv,480.3905944824219,False
square,Square-300Hz-7_absolute.csv,488.2363471984863,False
square,Square-300Hz-8_absolute.csv,485.168981552124,False
square,Square-300Hz-9_absolute.csv,477.5364055633545,False
square,Square-400Hz-10_absolute.csv,122.06120109558105,False
square,Square-400Hz-1_absolute.csv,141.80178451538086,False
square,Square-400Hz-2_absolute.csv,79.52370262145996,False
square,Square-400Hz-3_absolute.csv,80.26847839355469,False
square,Square-400Hz-4_absolute.csv,164.48302459716797,False
square,Square-400Hz-5_absolute.csv,144.77917671203613,False
square,Square-400Hz-6_absolute.csv,83.11191177368164,False
square,Square-400Hz-7_absolute.csv,119.0606460571289,False
square,Square-400Hz-8_absolute.csv,138.32146644592285,False
square,Square-400Hz-9_absolute.csv,145.8908519744873,False
square,square_100Hz_100Hz_10_absolute.csv,199.4439915418625,False
square,square_100Hz_100Hz_11_absolute.csv,248.64972352981567,False
square,square_100Hz_100Hz_12_absolute.csv,328.3863288141804,False
square,square_100Hz_100Hz_13_absolute.csv,254.7697468996048,False
square,square_100Hz_100Hz_1_absolute.csv,290.93351650238037,False
square,square_100Hz_100Hz_2_absolute.csv,564.3458143771752,False
square,square_100Hz_100Hz_3_absolute.csv,333.2295425956823,False
square,square_100Hz_100Hz_4_absolute.csv,241.93026585668122,False
square,square_100Hz_100Hz_5_absolute.csv,250.03091834595216,False
square,square_100Hz_100Hz_6_absolute.csv,253.08383906554218,False
square,square_100Hz_100Hz_7_absolute.csv,265.4348266122536,False
square,square_100Hz_100Hz_8_absolute.csv,283.7202152686315,False
square,square_100Hz_100Hz_9_absolute.csv,256.65172696113586,False
square,square_100Hz_absolute.csv,278.88417388235257,False
square,square_1Hz_1Hz_10_absolute.csv,245.03152573108673,False
square,square_1Hz_1Hz_11_absolute.csv,306.0451202392578,False
square,square_1Hz_1Hz_12_absolute.csv,248.86392940057092,False
square,square_1Hz_1Hz_13_absolute.csv,297.61425042152405,False
square,square_1Hz_1Hz_1_absolute.csv,278.91564667224884,False
square,square_1Hz_1Hz_2_absolute.csv,256.2854623569309,False
square,square_1Hz_1Hz_3_absolute.csv,297.23921154887626,False
square,square_1Hz_1Hz_4_absolute.csv,247.6642820458801,False
square,square_1Hz_1Hz_5_absolute.csv,245.62080077009523,False
square,square_1Hz_1Hz_6_absolute.csv,251.07695416341767,False
square,square_1Hz_1Hz_7_absolute.csv,262.8280353181293,False
square,square_1Hz_1Hz_8_absolute.csv,241.8762360690015,False
square,square_1Hz_1Hz_9_absolute.csv,294.5165982246399,False
square,square_1Hz_absolute.csv,274.9030819023642,False
square,square_200Hz_200Hz_10_absolute.csv,273.7707466483116,False
square,square_200Hz_200Hz_11_absolute.csv,259.8098120689392,False
square,square_200Hz_200Hz_12_absolute.csv,262.07078459241563,False
square,square_200Hz_200Hz_13_absolute.csv,252.26954114437103,False
square,square_200Hz_200Hz_1_absolute.csv,258.39167535305023,False
square,square_200Hz_200Hz_2_absolute.csv,206.96130232558153,False
square,square_200Hz_200Hz_3_absolute.csv,240.57763313763178,False
square,square_200Hz_200Hz_4_absolute.csv,249.50641277494287,False
square,square_200Hz_200Hz_5_absolute.csv,218.49717689130011,False
square,square_200Hz_200Hz_6_absolute.csv,205.33611219340446,False
square,square_200Hz_200Hz_7_absolute.csv,266.7734521712158,False
square,square_200Hz_200Hz_8_absolute.csv,276.67993525991517,False
square,square_200Hz_200Hz_9_absolute.csv,249.34619176387787,False
square,square_200Hz_absolute.csv,211.15342656802795,False
square,square_300Hz_300Hz_10_absolute.csv,372.821080327034,False
square,square_300Hz_300Hz_11_absolute.csv,373.2269196510315,False
square,square_300Hz_300Hz_12_absolute.csv,406.86520860689654,False
square,square_300Hz_300Hz_13_absolute.csv,418.84431755542755,False
square,square_300Hz_300Hz_1_absolute.csv,411.5701118707657,False
square,square_300Hz_300Hz_2_absolute.csv,357.8599105008276,False
square,square_300Hz_300Hz_3_absolute.csv,332.06905618316915,False
square,square_300Hz_300Hz_4_absolute.csv,378.359301323253,False
square,square_300Hz_300Hz_5_absolute.csv,405.3957560446711,False
square,square_300Hz_300Hz_6_absolute.csv,401.66459757887014,False
square,square_300Hz_300Hz_7_absolute.csv,363.8912393818101,False
square,square_300Hz_300Hz_8_absolute.csv,362.12342058823515,False
square,square_300Hz_300Hz_9_absolute.csv,409.7852203845978,False
square,square_300Hz_absolute.csv,356.4520486403917,False
square,square_400Hz_400Hz_10_absolute.csv,218.9600167274475,False
square,square_400Hz_400Hz_11_absolute.csv,242.95721244812012,False
square,square_400Hz_400Hz_12_absolute.csv,225.35663849610148,False
square,square_400Hz_400Hz_13_absolute.csv,286.03006649017334,False
square,square_400Hz_400Hz_1_absolute.csv,296.1068961620331,False
square,square_400Hz_400Hz_2_absolute.csv,272.7998756613757,False
square,square_400Hz_400Hz_3_absolute.csv,255.05946437161757,False
square,square_400Hz_400Hz_4_absolute.csv,249.63904688887123,False
square,square_400Hz_400Hz_5_absolute.csv,248.20012014266968,False
square,square_400Hz_400Hz_6_absolute.csv,241.1717085743844,False
square,square_400Hz_400Hz_7_absolute.csv,267.256964028777,False
square,square_400Hz_400Hz_8_absolute.csv,205.05422826400252,False
square,square_400Hz_400Hz_9_absolute.csv,299.2635807991028,False
square,square_400Hz_absolute.csv,278.9566158107327,False
ramp,Ramp-10_absolute.csv,271.08436393737793,False
ramp,Ramp-11_absolute.csv,278.44527435302734,False
ramp,Ramp-12_absolute.csv,272.6776809692383,False
ramp,Ramp-13_absolute.csv,262.9095058441162,False
ramp,Ramp-14_absolute.csv,265.8177146911621,False
ramp,Ramp-15_absolute.csv,295.8220157623291,False
ramp,Ramp-1_absolute.csv,244.3141326904297,False
ramp,Ramp-2_absolute.csv,276.94775390625,False
ramp,Ramp-3_absolute.csv,254.7112274169922,False
ramp,Ramp-4_absolute.csv,279.81980895996094,False
ramp,Ramp-5_absolute.csv,238.93823432922363,False
ramp,Ramp-6_absolute.csv,245.47896766662598,False
ramp,Ramp-7_absolute.csv,315.1101131439209,False
ramp,Ramp-8_absolute.csv,261.1142158508301,False
ramp,Ramp-9_absolute.csv,242.36533546447754,False
ramp,Ramp-trail2_10_absolute.csv,290.11381340026855,False
ramp,Ramp-trail2_11_absolute.csv,304.15129470825195,False
ramp,Ramp-trail2_12_absolute.csv,242.02132415771484,False
ramp,Ramp-trail2_13_absolute.csv,302.0327491760254,False
ramp,Ramp-trail2_14_absolute.csv,302.5882682800293,False
ramp,Ramp-trail2_15_absolute.csv,253.51898765563965,False
ramp,Ramp-trail2_1_absolute.csv,302.53412437438965,False
ramp,Ramp-trail2_2_absolute.csv,286.9293270111084,False
ramp,Ramp-trail2_3_absolute.csv,291.35577392578125,False
ramp,Ramp-trail2_4_absolute.csv,285.0718364715576,False
ramp,Ramp-trail2_5_absolute.csv,291.11381340026855,False
ramp,Ramp-trail2_6_absolute.csv,249.30966567993164,False
ramp,Ramp-trail2_7_absolute.csv,309.01122665405273,False
ramp,Ramp-trail2_8_absolute.csv,295.3051452636719,False
ramp,Ramp-trail2_9_absolute.csv,284.5066623687744,False
ramp,ramp-100Hz-10_absolute.csv,291.6262798309326,False
ramp,ramp-100Hz-1_absolute.csv,288.14530754089355,False
ramp,ramp-100Hz-2_absolute.csv,291.9020290374756,False
ramp,ramp-100Hz-3_absolute.csv,289.6766872406006,False
ramp,ramp-100Hz-4_absolute.csv,279.506046295166,False
ramp,ramp-100Hz-5_absolute.csv,282.6998996734619,False
ramp,ramp-100Hz-6_absolute.csv,277.3800296783447,False
ramp,ramp-100Hz-7_absolute.csv,283.3002014160156,False
ramp,ramp-100Hz-8_absolute.csv,280.2735424041748,False
ramp,ramp-100Hz-9_absolute.csv,740.3662395477295,False
ramp,ramp-1Hz-10_absolute.csv,314.03899002075195,False
ramp,ramp-1Hz-1_absolute.csv,293.4984130859375,False
ramp,ramp-1Hz-2_absolute.csv,284.8042278289795,False
ramp,ramp-1Hz-3_absolute.csv,277.37632179260254,False
ramp,ramp-1Hz-4_absolute.csv,286.2504634857178,False
ramp,ramp-1Hz-5_absolute.csv,332.9932289123535,False
ramp,ramp-1Hz-6_absolute.csv,284.5084686279297,False
ramp,ramp-1Hz-7_absolute.csv,328.69713973999023,False
ramp,ramp-1Hz-8_absolute.csv,303.6516647338867,False
ramp,ramp-1Hz-9_absolute.csv,299.0828113555908,False
ramp,ramp-200Hz-10_absolute.csv,134.99448585510254,False
ramp,ramp-200Hz-1_absolute.csv,127.52538681030273,False
ramp,ramp-200Hz-2_absolute.csv,183.75528717041016,False
ramp,ramp-200Hz-3_absolute.csv,123.71583938598633,False
ramp,ramp-200Hz-4_absolute.csv,128.38035774230957,False
ramp,ramp-200Hz-5_absolute.csv,126.2460880279541,False
ramp,ramp-200Hz-6_absolute.csv,129.17116355895996,False
ramp,ramp-200Hz-7_absolute.csv,132.0503101348877,False
ramp,ramp-200Hz-8_absolute.csv,149.51341438293457,False
ramp,ramp-200Hz-9_absolute.csv,129.0791778564453,False
ramp,ramp-300Hz-10_absolute.csv,445.72646713256836,False
ramp,ramp-300Hz-1_absolute.csv,436.4768810272217,False
ramp,ramp-300Hz-2_absolute.csv,452.1843452453613,False
ramp,ramp-300Hz-3_absolute.csv,459.0992374420166,False
ramp,ramp-300Hz-4_absolute.csv,448.40411949157715,False
ramp,ramp-300Hz-5_absolute.csv,424.89772033691406,False
ramp,ramp-300Hz-6_absolute.csv,411.6554698944092,False
ramp,ramp-300Hz-7_absolute.csv,443.29598236083984,False
ramp,ramp-300Hz-8_absolute.csv,442.93117332458496,False
ramp,ramp-300Hz-9_absolute.csv,407.3137836456299,False
ramp,ramp-400Hz-10_absolute.csv,86.46436309814453,False
ramp,ramp-400Hz-1_absolute.csv,120.2691478729248,False
ramp,ramp-400Hz-2_absolute.csv,140.39824104309082,False
ramp,ramp-400Hz-3_absolute.csv,132.49772834777832,False
ramp,ramp-400Hz-4_absolute.csv,140.9548397064209,False
ramp,ramp-400Hz-5_absolute.csv,139.9143886566162,False
ramp,ramp-400Hz-6_absolute.csv,94.91121101379395,False
ramp,ramp-400Hz-7_absolute.csv,89.24959373474121,False
ramp,ramp-400Hz-8_absolute.csv,150.68104553222656,False
ramp,ramp-400Hz-9_absolute.csv,94.95197296142578,False
pulse,Pulse-10_absolute.csv,44.32525444030762,False
pulse,Pulse-11_absolute.csv,349.7229766845703,False
pulse,Pulse-12-1Vpp_absolute.csv,747.8078002929688,False
pulse,Pulse-13-1Vpp_absolute.csv,2570.208848953247,False
pulse,Pulse-14_absolute.csv,446.0908260345459,False
pulse,Pulse-15_absolute.csv,79.11619186401367,False
pulse,Pulse-16_absolute.csv,93.18746376037598,False
pulse,Pulse-17_absolute.csv,322.0554447174072,False
pulse,Pulse-18_absolute.csv,783.0137844085693,False
pulse,Pulse-19-1Vpp_absolute.csv,377.85580253601074,False
pulse,Pulse-20-1Vpp_absolute.csv,439.6759777069092,False
pulse,Pulse-21-1Vpp_absolute.csv,94.58372116088867,False
pulse,Pulse-22_absolute.csv,129.6701774597168,False
pulse,Pulse-23_absolute.csv,430.7318592071533,False
pulse,Pulse-24_absolute.csv,409.72069549560547,False
pulse,Pulse-25_absolute.csv,419.50592613220215,False
pulse,Pulse-26_absolute.csv,172.78658866882324,False
pulse,Pulse-27_absolute.csv,73.62021827697754,False
pulse,Pulse-28_absolute.csv,538.7846088409424,False
pulse,Pulse-30_absolute.csv,156.95977973937988,False
pulse,Pulse-4-1pp_absolute.csv,325.1191711425781,False
pulse,Pulse-5-1pp_absolute.csv,79.31045150756836,False
pulse,Pulse-6_absolute.csv,63.99208641052246,False
pulse,Pulse-7_absolute.csv,52.842817306518555,False
pulse,Pulse-8_absolute.csv,78.68975830078125,False
pulse,Pulse-9_absolute.csv,456213.4003505707,True
pulse,pulse-100Hz-10_absolute.csv,46.3436164855957,False
pulse,pulse-100Hz-1_absolute.csv,63.657249450683594,False
pulse,pulse-100Hz-2_absolute.csv,52.49251365661621,False
pulse,pulse-100Hz-3_absolute.csv,74.8676643371582,False
pulse,pulse-100Hz-4_absolute.csv,51.987775802612305,False
pulse,pulse-100Hz-5_absolute.csv,72.09649276733398,False
pulse,pulse-100Hz-6_absolute.csv,63.7883415222168,False
pulse,pulse-100Hz-7_absolute.csv,76.09122276306152,False
pulse,pulse-100Hz-8_absolute.csv,78.99670791625977,False
pulse,pulse-100Hz-9_absolute.csv,76.41748809814453,False
pulse,pulse-1Hz-10_absolute.csv,42.647294998168945,False
pulse,pulse-1Hz-1_absolute.csv,75.99348449707031,False
pulse,pulse-1Hz-2_absolute.csv,45.59431457519531,False
pulse,pulse-1Hz-3_absolute.csv,55.31047058105469,False
pulse,pulse-1Hz-4_absolute.csv,41.40973472595215,False
pulse,pulse-1Hz-5_absolute.csv,1.9073486328125e-06,False
pulse,pulse-1Hz-6_absolute.csv,68.12250137329102,False
pulse,pulse-1Hz-7_absolute.csv,72.02934265136719,False
pulse,pulse-1Hz-8_absolute.csv,65.33630180358887,False
pulse,pulse-1Hz-9_absolute.csv,50.03346633911133,False
pulse,pulse-200Hz-10_absolute.csv,54.087697982788086,False
pulse,pulse-200Hz-1_absolute.csv,55.24415969848633,False
pulse,pulse-200Hz-2_absolute.csv,66.59866714477539,False
pulse,pulse-200Hz-3_absolute.csv,43.804176330566406,False
pulse,pulse-200Hz-4_absolute.csv,65.08528900146484,False
pulse,pulse-200Hz-5_absolute.csv,44.382699966430664,False
pulse,pulse-200Hz-6_absolute.csv,77.9338436126709,False
pulse,pulse-200Hz-7_absolute.csv,78.9702033996582,False
pulse,pulse-200Hz-8_absolute.csv,62.47204399108887,False
pulse,pulse-200Hz-9_absolute.csv,46.44905090332031,False
pulse,pulse-300Hz-10_absolute.csv,52.40793800354004,False
pulse,pulse-300Hz-1_absolute.csv,68.74460029602051,False
pulse,pulse-300Hz-2_absolute.csv,41.56247901916504,False
pulse,pulse-300Hz-3_absolute.csv,47.8461971282959,False
pulse,pulse-300Hz-4_absolute.csv,54.098283767700195,False
pulse,pulse-300Hz-5_absolute.csv,78.98883438110352,False
pulse,pulse-300Hz-6_absolute.csv,65.55724334716797,False
pulse,pulse-300Hz-7_absolute.csv,50.57917594909668,False
pulse,pulse-300Hz-8_absolute.csv,57.65160369873047,False
pulse,pulse-300Hz-9_absolute.csv,54.3973388671875,False
pulse,pulse-31_absolute.csv,67.70900535583496,False
pulse,pulse-400Hz-10_absolute.csv,75.63173294067383,False
pulse,pulse-400Hz-1_absolute.csv,74.7872543334961,False
pulse,pulse-400Hz-2_absolute.csv,62.20182228088379,False
pulse,pulse-400Hz-3_absolute.csv,40.91498565673828,False
pulse,pulse-400Hz-4_absolute.csv,40.410696029663086,False
pulse,pulse-400Hz-5_absolute.csv,66.12829208374023,False
pulse,pulse-400Hz-6_absolute.csv,59.61196517944336,False
pulse,pulse-400Hz-7_absolute.csv,40.586198806762695,False
pulse,pulse-400Hz-8_absolute.csv,43.57362937927246,False
pulse,pulse-400Hz-9_absolute.csv,78.1635684967041,False
noise,noise-10_absolute.csv,86.86056900024414,False
noise,noise-11_absolute.csv,96.81904792785645,False
noise,noise-12_absolute.csv,224.3210105895996,False
noise,noise-13_absolute.csv,185.1067714691162,False
noise,noise-14_absolute.csv,84.09563255310059,False
noise,noise-15_absolute.csv,188.11858940124512,False
noise,noise-16_absolute.csv,323.91431999206543,False
noise,noise-17_absolute.csv,171.35992050170898,False
noise,noise-18_absolute.csv,157.77021598815918,False
noise,noise-19_absolute.csv,136.01359176635742,False
noise,noise-1_absolute.csv,87.3183364868164,False
noise,noise-20_absolute.csv,85.17362976074219,False
noise,noise-21_absolute.csv,530.3596019744873,False
noise,noise-22_absolute.csv,379.21575355529785,False
noise,noise-23_absolute.csv,427.48119735717773,False
noise,noise-24_absolute.csv,101.87957763671875,False
noise,noise-25_absolute.csv,195.57994651794434,False
noise,noise-26_absolute.csv,512.3368167877197,False
noise,noise-27_absolute.csv,78.17883491516113,False
noise,noise-28_absolute.csv,144.14871978759766,False
noise,noise-29_absolute.csv,99.72647476196289,False
noise,noise-2_absolute.csv,102.68493270874023,False
noise,noise-30_absolute.csv,93.22086334228516,False
noise,noise-31_absolute.csv,85.14742088317871,False
noise,noise-32_absolute.csv,353.1603412628174,False
noise,noise-33_absolute.csv,161.6925449371338,False
noise,noise-34_absolute.csv,153.22162246704102,False
noise,noise-35_absolute.csv,56.731672286987305,False
noise,noise-36_absolute.csv,68.31287574768066,False
noise,noise-37_absolute.csv,80.22981071472168,False
noise,noise-38_absolute.csv,301.1698360443115,False
noise,noise-39_absolute.csv,71.29315376281738,False
noise,noise-3_absolute.csv,45.23599624633789,False
noise,noise-40_absolute.csv,174.90005683898926,False
noise,noise-41_absolute.csv,40.92193794250488,False
noise,noise-42_absolute.csv,495.0045337677002,False
noise,noise-43_absolute.csv,158.42753219604492,False
noise,noise-44_absolute.csv,80.54718208312988,False
noise,noise-45_absolute.csv,201.7407054901123,False
noise,noise-46_absolute.csv,119.3550033569336,False
noise,noise-47_absolute.csv,145.78626441955566,False
noise,noise-48_absolute.csv,55.48881721496582,False
noise,noise-49_absolute.csv,41.04557800292969,False
noise,noise-4_absolute.csv,71.1843032836914,False
noise,noise-50_absolute.csv,55.422088623046875,False
noise,noise-5_absolute.csv,45.80030059814453,False
noise,noise-6_absolute.csv,77.88670349121094,False
noise,noise-7_absolute.csv,56.693603515625,False
noise,noise-8_absolute.csv,55.21938705444336,False
noise,noise-9_absolute.csv,0.0,False
noise,noise_10_Run1_1_absolute.csv,95.04985927699909,False
noise,noise_10_Run2_1_absolute.csv,98.49701576150665,False
noise,noise_10_Run3_1_absolute.csv,102.50071790151924,False
noise,noise_11_Run1_1_absolute.csv,94.12111282348633,False
noise,noise_11_Run2_1_absolute.csv,97.00890851020813,False
noise,noise_11_Run3_1_absolute.csv,80.1239116191864,False
noise,noise_12_Run1_1_absolute.csv,104.58593201637268,False
noise,noise_12_Run2_1_absolute.csv,96.75525152683258,False
noise,noise_12_Run3_1_absolute.csv,100.80454742908478,False
noise,noise_13_Run1_1_absolute.csv,106.43363618850708,False
noise,noise_13_Run2_1_absolute.csv,111.0786384344101,False
noise,noise_13_Run3_1_absolute.csv,119.09682250022888,False
noise,noise_14_Run1_1_absolute.csv,102.35254549980164,False
noise,noise_14_Run2_1_absolute.csv,106.79212367534637,False
noise,noise_14_Run3_1_absolute.csv,109.23221802711487,False
noise,noise_1_Run1_1_absolute.csv,66.65262970748881,False
noise,noise_1_Run2_1_absolute.csv,80.084878076319,False
noise,noise_1_Run3_1_absolute.csv,147.18168459852313,False
noise,noise_2_Run1_1_absolute.csv,86.99531900882721,False
noise,noise_2_Run2_1_absolute.csv,58.6822110414505,False
noise,noise_2_Run3_1_absolute.csv,39.63160306215286,False
noise,noise_3_Run1_1_absolute.csv,51.45790712596002,False
noise,noise_3_Run2_1_absolute.csv,100.11367511177346,False
noise,noise_3_Run3_1_absolute.csv,54.145158455485515,False
noise,noise_4_Run1_1_absolute.csv,130.66885513031235,False
noise,noise_4_Run2_1_absolute.csv,48.39038563057875,False
noise,noise_4_Run3_1_absolute.csv,44.261798209926724,False
noise,noise_5_Run1_1_absolute.csv,93.28400467337201,False
noise,noise_5_Run2_1_absolute.csv,96.5709135037439,False
noise,noise_5_Run3_1_absolute.csv,51.80204213898469,False
noise,noise_6_Run1_1_absolute.csv,87.72173210252379,False
noise,noise_6_Run2_1_absolute.csv,95.87428169199387,False
noise,noise_6_Run3_1_absolute.csv,84.89391801450085,False
noise,noise_7_Run1_1_absolute.csv,88.1930187494695,False
noise,noise_7_Run2_1_absolute.csv,62.499383991189916,False
noise,noise_7_Run3_1_absolute.csv,58.30510332074891,False
noise,noise_8_Run1_1_absolute.csv,81.99447532671002,False
noise,noise_8_Run2_1_absolute.csv,159.50749672917618,False
noise,noise_8_run3_1_absolute.csv,41.18277192141795,False
noise,noise_Run1_absolute.csv,41.00662761663352,False
noise,noise_Run2_absolute.csv,42.19528684627494,False
noise,noise_Run3_absolute.csv,43.98913687246204,False
